{
  "nside16_fsky1.0_noise0": {
    "nside": 16,
    "lmax": 47,
    "config": "fsky1.0_noise0",
    "f_sky": 1.0,
    "noise_arcmin": 0,
    "r_fiducial": 0.003,
    "tau_fiducial": 0.054,
    "fisher_sigma_r": 0.00034640315713771816,
    "fisher_sigma_tau": 0.0019378857448535617,
    "fisher_r_pct": 11.546771904590605,
    "fisher_tau_pct": 3.5886773052843735,
    "correlation_r_tau": -0.04687183520571287,
    "cnn_r_pct": 21.92761039835907,
    "cnn_tau_pct": 15.120413990326226,
    "cnn_fisher_ratio_r": 1.8990251630103994,
    "cnn_fisher_ratio_tau": 4.213366849134421
  },
  "nside16_fsky1.0_noise6": {
    "nside": 16,
    "lmax": 47,
    "config": "fsky1.0_noise6",
    "f_sky": 1.0,
    "noise_arcmin": 6,
    "r_fiducial": 0.003,
    "tau_fiducial": 0.054,
    "fisher_sigma_r": 0.0007058684810110843,
    "fisher_sigma_tau": 0.0020483470674393825,
    "fisher_r_pct": 23.52894936703614,
    "fisher_tau_pct": 3.793235310072931,
    "correlation_r_tau": -0.12998966262595482,
    "cnn_r_pct": 32.69773544637,
    "cnn_tau_pct": 20.042279054671525,
    "cnn_fisher_ratio_r": 1.3896810663454122,
    "cnn_fisher_ratio_tau": 5.2836898890636395
  },
  "nside16_fsky0.1_noise0": {
    "nside": 16,
    "lmax": 47,
    "config": "fsky0.1_noise0",
    "f_sky": 0.1,
    "noise_arcmin": 0,
    "r_fiducial": 0.003,
    "tau_fiducial": 0.054,
    "fisher_sigma_r": 0.0010954229358459116,
    "fisher_sigma_tau": 0.006128132788097805,
    "fisher_r_pct": 36.51409786153039,
    "fisher_tau_pct": 11.34839405203297,
    "correlation_r_tau": -0.04687183071059882,
    "cnn_r_pct": 57.56016800959142,
    "cnn_tau_pct": 26.898012561164798,
    "cnn_fisher_ratio_r": 1.5763820381889875,
    "cnn_fisher_ratio_tau": 2.3702043159442674
  },
  "nside16_fsky0.1_noise6": {
    "nside": 16,
    "lmax": 47,
    "config": "fsky0.1_noise6",
    "f_sky": 0.1,
    "noise_arcmin": 6,
    "r_fiducial": 0.003,
    "tau_fiducial": 0.054,
    "fisher_sigma_r": 0.0022321521285183395,
    "fisher_sigma_tau": 0.006477442171634972,
    "fisher_r_pct": 74.40507095061132,
    "fisher_tau_pct": 11.995263280805503,
    "correlation_r_tau": -0.1299896626259548,
    "cnn_r_pct": 56.311670760411566,
    "cnn_tau_pct": 28.422628737736492,
    "cnn_fisher_ratio_r": 0.7568257114866564,
    "cnn_fisher_ratio_tau": 2.3694876946317316
  },
  "nside32_fsky1.0_noise0": {
    "nside": 32,
    "lmax": 95,
    "config": "fsky1.0_noise0",
    "f_sky": 1.0,
    "noise_arcmin": 0,
    "r_fiducial": 0.003,
    "tau_fiducial": 0.054,
    "fisher_sigma_r": 0.0002593134831573261,
    "fisher_sigma_tau": 0.0018538993307830407,
    "fisher_r_pct": 8.64378277191087,
    "fisher_tau_pct": 3.4331469088574833,
    "correlation_r_tau": 0.10847521987781543,
    "cnn_r_pct": 56.67048636540209,
    "cnn_tau_pct": 19.563963028278202,
    "cnn_fisher_ratio_r": 6.556213623225289,
    "cnn_fisher_ratio_tau": 5.698551080876668
  },
  "nside32_fsky1.0_noise6": {
    "nside": 32,
    "lmax": 95,
    "config": "fsky1.0_noise6",
    "f_sky": 1.0,
    "noise_arcmin": 6,
    "r_fiducial": 0.003,
    "tau_fiducial": 0.054,
    "fisher_sigma_r": 0.0005890661321312134,
    "fisher_sigma_tau": 0.001973630364070657,
    "fisher_r_pct": 19.63553773770711,
    "fisher_tau_pct": 3.6548710445752906,
    "correlation_r_tau": -0.06097031265966083,
    "cnn_r_pct": 58.30695599634356,
    "cnn_tau_pct": 16.323442502237857,
    "cnn_fisher_ratio_r": 2.969460616521532,
    "cnn_fisher_ratio_tau": 4.466215716821467
  },
  "nside32_fsky0.1_noise0": {
    "nside": 32,
    "lmax": 95,
    "config": "fsky0.1_noise0",
    "f_sky": 0.1,
    "noise_arcmin": 0,
    "r_fiducial": 0.003,
    "tau_fiducial": 0.054,
    "fisher_sigma_r": 0.0008200212347688621,
    "fisher_sigma_tau": 0.005862544437936319,
    "fisher_r_pct": 27.33404115896207,
    "fisher_tau_pct": 10.856563773956147,
    "correlation_r_tau": 0.10847521987781551,
    "cnn_r_pct": 59.038103307484334,
    "cnn_tau_pct": 24.56409181910753,
    "cnn_fisher_ratio_r": 2.1598746765670755,
    "cnn_fisher_ratio_tau": 2.2626028207962476
  },
  "nside32_fsky0.1_noise6": {
    "nside": 32,
    "lmax": 95,
    "config": "fsky0.1_noise6",
    "f_sky": 0.1,
    "noise_arcmin": 6,
    "r_fiducial": 0.003,
    "tau_fiducial": 0.054,
    "fisher_sigma_r": 0.0018627906700003306,
    "fisher_sigma_tau": 0.00624116720973062,
    "fisher_r_pct": 62.09302233334435,
    "fisher_tau_pct": 11.557717055056703,
    "correlation_r_tau": -0.06097031265966075,
    "cnn_r_pct": 56.600135365727056,
    "cnn_tau_pct": 26.5633887435738,
    "cnn_fisher_ratio_r": 0.9115377741136691,
    "cnn_fisher_ratio_tau": 2.298324886916301
  },
  "nside128_fsky1.0_noise0": {
    "nside": 128,
    "lmax": 383,
    "config": "fsky1.0_noise0",
    "f_sky": 1.0,
    "noise_arcmin": 0,
    "r_fiducial": 0.003,
    "tau_fiducial": 0.054,
    "fisher_sigma_r": 0.00024683459504270443,
    "fisher_sigma_tau": 0.00109656121943264,
    "fisher_r_pct": 8.227819834756813,
    "fisher_tau_pct": 2.0306689248752594,
    "correlation_r_tau": 0.13729350284413444,
    "cnn_r_pct": 59.12088405873985,
    "cnn_tau_pct": 21.68765804098919,
    "cnn_fisher_ratio_r": 7.185485978800271,
    "cnn_fisher_ratio_tau": 10.680056101376264
  },
  "nside128_fsky1.0_noise6": {
    "nside": 128,
    "lmax": 383,
    "config": "fsky1.0_noise6",
    "f_sky": 1.0,
    "noise_arcmin": 6,
    "r_fiducial": 0.003,
    "tau_fiducial": 0.054,
    "fisher_sigma_r": 0.0005694654462163091,
    "fisher_sigma_tau": 0.0013350413901265456,
    "fisher_r_pct": 18.98218154054364,
    "fisher_tau_pct": 2.4722988706047144,
    "correlation_r_tau": -0.012963990536749518,
    "cnn_r_pct": 58.59549859763127,
    "cnn_tau_pct": 21.129968759818002,
    "cnn_fisher_ratio_r": 3.086868517850722,
    "cnn_fisher_ratio_tau": 8.546688675487562
  },
  "nside128_fsky0.1_noise0": {
    "nside": 128,
    "lmax": 383,
    "config": "fsky0.1_noise0",
    "f_sky": 0.1,
    "noise_arcmin": 0,
    "r_fiducial": 0.003,
    "tau_fiducial": 0.054,
    "fisher_sigma_r": 0.0007805595256602526,
    "fisher_sigma_tau": 0.0034676310472188322,
    "fisher_r_pct": 26.01865085534175,
    "fisher_tau_pct": 6.4215389763311705,
    "correlation_r_tau": 0.1372935028441344,
    "cnn_r_pct": 58.432346968845344,
    "cnn_tau_pct": 24.29887026069849,
    "cnn_fisher_ratio_r": 2.2457869661927115,
    "cnn_fisher_ratio_tau": 3.7839636807096366
  },
  "nside128_fsky0.1_noise6": {
    "nside": 128,
    "lmax": 383,
    "config": "fsky0.1_noise6",
    "f_sky": 0.1,
    "noise_arcmin": 6,
    "r_fiducial": 0.003,
    "tau_fiducial": 0.054,
    "fisher_sigma_r": 0.00180080785880765,
    "fisher_sigma_tau": 0.004221771563397312,
    "fisher_r_pct": 60.02692862692166,
    "fisher_tau_pct": 7.818095487772801,
    "correlation_r_tau": -0.012963990536749431,
    "cnn_r_pct": null,
    "cnn_tau_pct": null,
    "cnn_fisher_ratio_r": null,
    "cnn_fisher_ratio_tau": null
  }
}