{
  "test": "test4_cnn_at_fiducial",
  "model_path": "test4_nside32_hc32_fsky1.0_noise0_nside32_best.pt",
  "r_fiducial": 0.001,
  "tau_fiducial": 0.054,
  "f_sky": 1.0,
  "noise_arcmin": 0,
  "noise_uK_per_pixel": 0.0,
  "n_realizations": 1000,
  "sigma_r": 3.591427623363042e-05,
  "sigma_tau": 0.0068454085198007076,
  "rmse_r": 3.802377067393256e-05,
  "rmse_tau": 0.014796033633308475,
  "r_pct_error": 3.5914276233630424,
  "tau_pct_error": 12.676682444075386,
  "rmse_r_pct": 3.802377067393256,
  "rmse_tau_pct": 27.400062283904585,
  "r_mean": 0.0009875111289990527,
  "tau_mean": 0.04088272156752646,
  "r_bias": -1.2488871000947317e-05,
  "tau_bias": -0.01311727843247354,
  "nside": 32,
  "lmax": 95,
  "num_blocks": 3,
  "hidden_channels": 32,
  "device": "cpu",
  "eval_time_s": 115.8347978591919
}