{
  "test": "test4_cnn_at_fiducial",
  "model_path": "test4_nside16_fsky1.0_noise6_nside16_best.pt",
  "r_fiducial": 0.001,
  "tau_fiducial": 0.054,
  "f_sky": 1.0,
  "noise_arcmin": 6,
  "noise_uK_per_pixel": 0.02728871221190636,
  "n_realizations": 1000,
  "sigma_r": 0.00046073504724477335,
  "sigma_tau": 0.006524717470625559,
  "rmse_r": 0.0005177471222219314,
  "rmse_tau": 0.0072956877099430335,
  "r_pct_error": 46.07350472447733,
  "tau_pct_error": 12.082810130788072,
  "rmse_r_pct": 51.774712222193145,
  "rmse_tau_pct": 13.510532796190802,
  "r_mean": 0.0007638108833806096,
  "tau_mean": 0.050735781703144314,
  "r_bias": -0.0002361891166193904,
  "tau_bias": -0.003264218296855685,
  "nside": 16,
  "lmax": 47,
  "num_blocks": 3,
  "hidden_channels": 32,
  "device": "cpu",
  "eval_time_s": 31.810975313186646
}