{
  "test": "test4_cnn_at_fiducial",
  "model_path": "test4_nside16_fsky1.0_noise0_nside16_best.pt",
  "r_fiducial": 0.001,
  "tau_fiducial": 0.054,
  "f_sky": 1.0,
  "noise_arcmin": 0,
  "noise_uK_per_pixel": 0.0,
  "n_realizations": 1000,
  "sigma_r": 0.00035115265534782134,
  "sigma_tau": 0.005445391258189283,
  "rmse_r": 0.00038193260376564656,
  "rmse_tau": 0.005875227977205689,
  "r_pct_error": 35.11526553478213,
  "tau_pct_error": 10.08405788553571,
  "rmse_r_pct": 38.19326037656465,
  "rmse_tau_pct": 10.880051809640165,
  "r_mean": 0.0008497857314987003,
  "tau_mean": 0.05179409478232264,
  "r_bias": -0.00015021426850129972,
  "tau_bias": -0.0022059052176773564,
  "nside": 16,
  "lmax": 47,
  "num_blocks": 3,
  "hidden_channels": 32,
  "device": "cpu",
  "eval_time_s": 31.30842614173889
}