{
  "test": "test4_cnn_at_fiducial",
  "model_path": "test4_nside128_hc32_fsky0.1_noise0_nside128_best.pt",
  "r_fiducial": 0.003,
  "tau_fiducial": 0.054,
  "f_sky": 0.1,
  "noise_arcmin": 0,
  "noise_uK_per_pixel": 0.0,
  "n_realizations": 1000,
  "sigma_r": 1.2420689256157048e-07,
  "sigma_tau": 1.8930022473586104e-07,
  "rmse_r": 0.0017437649104886344,
  "rmse_tau": 0.014484763072177947,
  "r_pct_error": 0.004140229752052349,
  "tau_pct_error": 0.00035055597173307596,
  "rmse_r_pct": 58.12549701628781,
  "rmse_tau_pct": 26.823635318848048,
  "r_mean": 0.0012562350939349413,
  "tau_mean": 0.039515236929059026,
  "r_bias": -0.0017437649060650588,
  "tau_bias": -0.014484763070940973,
  "nside": 128,
  "lmax": 383,
  "num_blocks": 3,
  "hidden_channels": 32,
  "device": "cpu",
  "eval_time_s": 2483.5183143615723
}