{
  "test": "test4_cnn_at_fiducial",
  "model_path": "test4_nside32_hc32_fsky1.0_noise6_nside32_best.pt",
  "r_fiducial": 0.003,
  "tau_fiducial": 0.07,
  "f_sky": 1.0,
  "noise_arcmin": 6,
  "noise_uK_per_pixel": 0.05457742442381272,
  "n_realizations": 1000,
  "sigma_r": 2.8324792265318514e-05,
  "sigma_tau": 0.0064319864052533385,
  "rmse_r": 0.00198029626889338,
  "rmse_tau": 0.014625662631648911,
  "r_pct_error": 0.9441597421772838,
  "tau_pct_error": 9.188552007504768,
  "rmse_r_pct": 66.00987562977933,
  "rmse_tau_pct": 20.893803759498443,
  "r_mean": 0.0010199063106165487,
  "tau_mean": 0.05686456859111786,
  "r_bias": -0.0019800936893834514,
  "tau_bias": -0.013135431408882146,
  "nside": 32,
  "lmax": 95,
  "num_blocks": 3,
  "hidden_channels": 32,
  "device": "cpu",
  "eval_time_s": 125.79778790473938
}