{
  "test": "test4_cnn_at_fiducial",
  "model_path": "test4_nside16_fsky0.1_noise0_nside16_best.pt",
  "r_fiducial": 0.006,
  "tau_fiducial": 0.054,
  "f_sky": 0.1,
  "noise_arcmin": 0,
  "noise_uK_per_pixel": 0.0,
  "n_realizations": 1000,
  "sigma_r": 0.00013018405209340743,
  "sigma_tau": 0.00011914891666038724,
  "rmse_r": 0.004388230473321559,
  "rmse_tau": 0.006884397495524766,
  "r_pct_error": 2.1697342015567904,
  "tau_pct_error": 0.2206461419636801,
  "rmse_r_pct": 73.13717455535932,
  "rmse_tau_pct": 12.74888425097179,
  "r_mean": 0.001613701013431883,
  "tau_mean": 0.06088336635753512,
  "r_bias": -0.004386298986568117,
  "tau_bias": 0.0068833663575351214,
  "nside": 16,
  "lmax": 47,
  "num_blocks": 3,
  "hidden_channels": 32,
  "device": "cpu",
  "eval_time_s": 31.78623938560486
}