{
  "test": "test4_cnn_at_fiducial",
  "model_path": "test4_nside32_hc32_fsky1.0_noise0_nside32_best.pt",
  "r_fiducial": 0.003,
  "tau_fiducial": 0.054,
  "f_sky": 1.0,
  "noise_arcmin": 0,
  "noise_uK_per_pixel": 0.0,
  "n_realizations": 1000,
  "sigma_r": 1.6557713600200077e-05,
  "sigma_tau": 0.0043430769245078275,
  "rmse_r": 0.000862393023807342,
  "rmse_tau": 0.004345036637201779,
  "r_pct_error": 0.5519237866733359,
  "tau_pct_error": 8.042735045384866,
  "rmse_r_pct": 28.746434126911396,
  "rmse_tau_pct": 8.046364142966258,
  "r_mean": 0.002137765942662954,
  "tau_mean": 0.054130484506487844,
  "r_bias": -0.000862234057337046,
  "tau_bias": 0.00013048450648784488,
  "nside": 32,
  "lmax": 95,
  "num_blocks": 3,
  "hidden_channels": 32,
  "device": "cpu",
  "eval_time_s": 121.52895855903625
}