{
  "test": "test4_cnn_at_fiducial",
  "model_path": "test4_nside16_fsky1.0_noise0_nside16_best.pt",
  "r_fiducial": 0.003,
  "tau_fiducial": 0.04,
  "f_sky": 1.0,
  "noise_arcmin": 0,
  "noise_uK_per_pixel": 0.0,
  "n_realizations": 1000,
  "sigma_r": 0.0009911469715819243,
  "sigma_tau": 0.004034726490871606,
  "rmse_r": 0.001068554098601669,
  "rmse_tau": 0.007370006284920505,
  "r_pct_error": 33.038232386064145,
  "tau_pct_error": 10.086816227179016,
  "rmse_r_pct": 35.61846995338897,
  "rmse_tau_pct": 18.425015712301263,
  "r_mean": 0.0026007061954369873,
  "tau_mean": 0.04616749339550734,
  "r_bias": -0.0003992938045630128,
  "tau_bias": 0.006167493395507338,
  "nside": 16,
  "lmax": 47,
  "num_blocks": 3,
  "hidden_channels": 32,
  "device": "cpu",
  "eval_time_s": 32.30476260185242
}