{
  "nside": 128,
  "config": "fsky1.0_noise6",
  "f_sky": 1.0,
  "noise_arcmin": 6,
  "r_fiducial": 0.003,
  "tau_fiducial": 0.054,
  "sigma_r_fisher": 0.0005553321659799766,
  "sigma_tau_fisher": 0.0013400448893634118,
  "r_fisher_pct": 18.511072199332553,
  "tau_fisher_pct": 2.481564609932244,
  "correlation_r_tau": -0.016556047243706493,
  "fisher_matrix": [
    [
      3243496.239512464,
      22253.767092328715
    ],
    [
      22253.767092328715,
      557032.2810209006
    ]
  ],
  "lmax": 383
}