{
  "test": "test4_cnn_at_fiducial",
  "model_path": "test4_nside32_hc32_fsky0.1_noise0_nside32_best.pt",
  "r_fiducial": 0.003,
  "tau_fiducial": 0.054,
  "f_sky": 0.1,
  "noise_arcmin": 0,
  "noise_uK_per_pixel": 0.0,
  "n_realizations": 1000,
  "sigma_r": 6.616871497496302e-06,
  "sigma_tau": 8.764731395731022e-05,
  "rmse_r": 0.001975529873944761,
  "rmse_tau": 0.0017009342279384358,
  "r_pct_error": 0.22056238324987673,
  "tau_pct_error": 0.1623098406616856,
  "rmse_r_pct": 65.85099579815869,
  "rmse_tau_pct": 3.1498781998859924,
  "r_mean": 0.0010244812074141668,
  "tau_mean": 0.05230132545903325,
  "r_bias": -0.0019755187925858332,
  "tau_bias": -0.0016986745409667478,
  "nside": 32,
  "lmax": 95,
  "num_blocks": 3,
  "hidden_channels": 32,
  "device": "cpu",
  "eval_time_s": 124.07082009315491
}