{
  "test": "test4_cnn_at_fiducial",
  "model_path": "test4_nside32_hc32_fsky0.1_noise6_nside32_best.pt",
  "r_fiducial": 0.003,
  "tau_fiducial": 0.04,
  "f_sky": 0.1,
  "noise_arcmin": 6,
  "noise_uK_per_pixel": 0.05457742442381272,
  "n_realizations": 1000,
  "sigma_r": 6.126431716655944e-05,
  "sigma_tau": 0.0036497558445716346,
  "rmse_r": 0.0019446017177357888,
  "rmse_tau": 0.018841607068750075,
  "r_pct_error": 2.042143905551981,
  "tau_pct_error": 9.124389611429086,
  "rmse_r_pct": 64.82005725785962,
  "rmse_tau_pct": 47.104017671875184,
  "r_mean": 0.001056363582337711,
  "tau_mean": 0.058484735302627086,
  "r_bias": -0.001943636417662289,
  "tau_bias": 0.018484735302627085,
  "nside": 32,
  "lmax": 95,
  "num_blocks": 3,
  "hidden_channels": 32,
  "device": "cpu",
  "eval_time_s": 123.38208222389221
}