{
  "nside": 16,
  "config": "fsky1.0_noise6",
  "f_sky": 1.0,
  "noise_arcmin": 6,
  "r_fiducial": 0.003,
  "tau_fiducial": 0.054,
  "sigma_r_fisher": 0.0017078785621668297,
  "sigma_tau_fisher": 0.002262931234561828,
  "r_fisher_pct": 56.92928540556099,
  "tau_fisher_pct": 4.190613397336718,
  "correlation_r_tau": -0.034696116001933584,
  "fisher_matrix": [
    [
      343248.89925533236,
      8988.260372456629
    ],
    [
      8988.260372456629,
      195515.14920037572
    ]
  ],
  "lmax": 47
}