{
  "test": "test4_cnn_at_fiducial",
  "model_path": "test4_nside16_fsky1.0_noise6_nside16_best.pt",
  "r_fiducial": 0.003,
  "tau_fiducial": 0.054,
  "f_sky": 1.0,
  "noise_arcmin": 6,
  "noise_uK_per_pixel": 0.02728871221190636,
  "n_realizations": 1000,
  "sigma_r": 0.0009952124567031975,
  "sigma_tau": 0.006421144654602235,
  "rmse_r": 0.0012591516591692526,
  "rmse_tau": 0.006657972778133491,
  "r_pct_error": 33.17374855677325,
  "tau_pct_error": 11.89100861963377,
  "rmse_r_pct": 41.971721972308416,
  "rmse_tau_pct": 12.329579218765724,
  "r_mean": 0.002228627802671455,
  "tau_mean": 0.05224002760276198,
  "r_bias": -0.0007713721973285452,
  "tau_bias": -0.0017599723972380188,
  "nside": 16,
  "lmax": 47,
  "num_blocks": 3,
  "hidden_channels": 32,
  "device": "cpu",
  "eval_time_s": 29.56827664375305
}