{
  "test": "test4_mcmc_mh",
  "nside": 128,
  "config": "fsky0.1_noise6",
  "f_sky": 0.1,
  "noise_arcmin": 6,
  "n_test": 100,
  "mcmc_steps": 5000,
  "mcmc_burn_in": 2000,
  "r_mean": 0.009936612341552038,
  "tau_mean": 0.07964112162598921,
  "r_bias": 0.0069366123415520375,
  "tau_bias": 0.025641121625989215,
  "sigma_r": 2.8344237558032126e-05,
  "sigma_tau": 0.00013292939083141438,
  "rmse_r": 0.006936750385331577,
  "rmse_tau": 0.02564224845753231,
  "r_pct_error": 231.22501284438587,
  "tau_pct_error": 47.485645291726506,
  "r_fiducial": 0.003,
  "tau_fiducial": 0.054,
  "cpu_time_seconds": 27.509329319000244,
  "method": "metropolis_hastings_A_lens"
}