{
  "test": "test4_cnn_at_fiducial",
  "model_path": "test4_nside16_fsky1.0_noise0_nside16_best.pt",
  "r_fiducial": 0.003,
  "tau_fiducial": 0.054,
  "f_sky": 1.0,
  "noise_arcmin": 0,
  "noise_uK_per_pixel": 0.0,
  "n_realizations": 1000,
  "sigma_r": 0.0007076587918481977,
  "sigma_tau": 0.004228998759206188,
  "rmse_r": 0.0007134150313928307,
  "rmse_tau": 0.004337121024694537,
  "r_pct_error": 23.588626394939922,
  "tau_pct_error": 7.831479183715162,
  "rmse_r_pct": 23.78050104642769,
  "rmse_tau_pct": 8.03170560128618,
  "r_mean": 0.00290955641903826,
  "tau_mean": 0.05303761323913932,
  "r_bias": -9.044358096174003e-05,
  "tau_bias": -0.0009623867608606826,
  "nside": 16,
  "lmax": 47,
  "num_blocks": 3,
  "hidden_channels": 32,
  "device": "cpu",
  "eval_time_s": 31.223132848739624
}