{
  "test": "test4_fisher",
  "f_sky": 1.0,
  "noise_arcmin": 0.0,
  "noise_uK_per_pixel": 0.0,
  "r_fiducial": 0.003,
  "tau_fiducial": 0.054,
  "sigma_r": 5.805095917402185e-05,
  "sigma_tau": 0.0019618371370435685,
  "r_pct_error": 1.935031972467395,
  "tau_pct_error": 3.633031735265867,
  "correlation_r_tau": -0.007746085160579331,
  "nside": 32,
  "lmax": 95
}