{
  "test": "test4_cnn_at_fiducial",
  "model_path": "test4_nside32_hc32_fsky1.0_noise0_nside32_best.pt",
  "r_fiducial": 0.001,
  "tau_fiducial": 0.054,
  "f_sky": 1.0,
  "noise_arcmin": 0,
  "noise_uK_per_pixel": 0.0,
  "n_realizations": 1000,
  "sigma_r": 7.574049753604618e-05,
  "sigma_tau": 0.002973367341185107,
  "rmse_r": 0.0001270574910374668,
  "rmse_tau": 0.0034795694554948173,
  "r_pct_error": 7.574049753604618,
  "tau_pct_error": 5.506235817009457,
  "rmse_r_pct": 12.70574910374668,
  "rmse_tau_pct": 6.443647139805217,
  "r_mean": 0.0011020146218035834,
  "tau_mean": 0.055807343423366546,
  "r_bias": 0.00010201462180358333,
  "tau_bias": 0.0018073434233665461,
  "nside": 32,
  "lmax": 95,
  "num_blocks": 3,
  "hidden_channels": 32,
  "device": "cpu",
  "eval_time_s": 123.28352069854736
}