{
  "test": "test4_cnn_at_fiducial",
  "model_path": "test4_nside16_fsky1.0_noise0_nside16_best.pt",
  "r_fiducial": 0.003,
  "tau_fiducial": 0.07,
  "f_sky": 1.0,
  "noise_arcmin": 0,
  "noise_uK_per_pixel": 0.0,
  "n_realizations": 1000,
  "sigma_r": 0.0005986914714184978,
  "sigma_tau": 0.005362292404051385,
  "rmse_r": 0.0005987840141781874,
  "rmse_tau": 0.013724955748686407,
  "r_pct_error": 19.956382380616596,
  "tau_pct_error": 7.660417720073406,
  "rmse_r_pct": 19.959467139272913,
  "rmse_tau_pct": 19.60707964098058,
  "r_mean": 0.0030105269979622735,
  "tau_mean": 0.05736590998619795,
  "r_bias": 1.0526997962273434e-05,
  "tau_bias": -0.012634090013802057,
  "nside": 16,
  "lmax": 47,
  "num_blocks": 3,
  "hidden_channels": 32,
  "device": "cpu",
  "eval_time_s": 32.31224703788757
}