{
  "test": "test4_cnn_at_fiducial",
  "model_path": "test4_nside32_hc32_fsky1.0_noise0_nside32_best.pt",
  "r_fiducial": 0.006,
  "tau_fiducial": 0.054,
  "f_sky": 1.0,
  "noise_arcmin": 0,
  "noise_uK_per_pixel": 0.0,
  "n_realizations": 1000,
  "sigma_r": 7.581801296443798e-05,
  "sigma_tau": 0.00297572178785232,
  "rmse_r": 0.004898559154070161,
  "rmse_tau": 0.0034848790555762534,
  "r_pct_error": 1.2636335494072997,
  "tau_pct_error": 5.5105959034302225,
  "rmse_r_pct": 81.64265256783601,
  "rmse_tau_pct": 6.453479732548617,
  "r_mean": 0.001102027622083328,
  "tau_mean": 0.055813687369227406,
  "r_bias": -0.004897972377916672,
  "tau_bias": 0.001813687369227407,
  "nside": 32,
  "lmax": 95,
  "num_blocks": 3,
  "hidden_channels": 32,
  "device": "cpu",
  "eval_time_s": 128.6220829486847
}