{
  "test": "test4_cnn_at_fiducial",
  "model_path": "test4_nside32_hc32_fsky1.0_noise6_nside32_best.pt",
  "r_fiducial": 0.003,
  "tau_fiducial": 0.054,
  "f_sky": 1.0,
  "noise_arcmin": 6,
  "noise_uK_per_pixel": 0.05457742442381272,
  "n_realizations": 1000,
  "sigma_r": 1.4969905601546932e-05,
  "sigma_tau": 0.0032739557261700137,
  "rmse_r": 0.0019479116347382549,
  "rmse_tau": 0.005449410684977417,
  "r_pct_error": 0.49899685338489774,
  "tau_pct_error": 6.062880974388914,
  "rmse_r_pct": 64.93038782460849,
  "rmse_tau_pct": 10.091501268476698,
  "r_mean": 0.0010521458887599049,
  "tau_mean": 0.04964370676875114,
  "r_bias": -0.0019478541112400952,
  "tau_bias": -0.0043562932312488575,
  "nside": 32,
  "lmax": 95,
  "num_blocks": 3,
  "hidden_channels": 32,
  "device": "cpu",
  "eval_time_s": 125.42536163330078
}