{
  "test": "test4_cnn_at_fiducial",
  "model_path": "test4_nside128_hc32_fsky1.0_noise0_nside128_best.pt",
  "r_fiducial": 0.003,
  "tau_fiducial": 0.054,
  "f_sky": 1.0,
  "noise_arcmin": 0,
  "noise_uK_per_pixel": 0.0,
  "n_realizations": 1000,
  "sigma_r": 2.959017998240561e-06,
  "sigma_tau": 0.0008554882563642449,
  "rmse_r": 0.0019471663512267354,
  "rmse_tau": 0.005770048848239831,
  "r_pct_error": 0.09863393327468536,
  "tau_pct_error": 1.5842375117856387,
  "rmse_r_pct": 64.90554504089118,
  "rmse_tau_pct": 10.685275644888575,
  "r_mean": 0.001052835897115468,
  "tau_mean": 0.0482937224432826,
  "r_bias": -0.001947164102884532,
  "tau_bias": -0.005706277556717397,
  "nside": 128,
  "lmax": 383,
  "num_blocks": 3,
  "hidden_channels": 32,
  "device": "cpu",
  "eval_time_s": 2673.2501797676086
}