{
  "test": "test4_cnn_at_fiducial",
  "model_path": "test4_nside16_fsky1.0_noise0_nside16_best.pt",
  "r_fiducial": 0.003,
  "tau_fiducial": 0.054,
  "f_sky": 1.0,
  "noise_arcmin": 0,
  "noise_uK_per_pixel": 0.0,
  "n_realizations": 1000,
  "sigma_r": 0.0006047079350470958,
  "sigma_tau": 0.003534547418107173,
  "rmse_r": 0.0006284393171313295,
  "rmse_tau": 0.00394147318573275,
  "r_pct_error": 20.156931168236525,
  "tau_pct_error": 6.54545818167995,
  "rmse_r_pct": 20.947977237710983,
  "rmse_tau_pct": 7.2990244180236115,
  "r_mean": 0.002828931918209243,
  "tau_mean": 0.05574418617784977,
  "r_bias": -0.00017106808179075724,
  "tau_bias": 0.0017441861778497714,
  "nside": 16,
  "lmax": 47,
  "num_blocks": 3,
  "hidden_channels": 32,
  "device": "cpu",
  "eval_time_s": 31.1630802154541
}