{
  "test": "test4_cnn_at_fiducial",
  "model_path": "test4_nside16_fsky0.1_noise0_nside16_best.pt",
  "r_fiducial": 0.003,
  "tau_fiducial": 0.054,
  "f_sky": 0.1,
  "noise_arcmin": 0,
  "noise_uK_per_pixel": 0.0,
  "n_realizations": 1000,
  "sigma_r": 0.00013013271026363733,
  "sigma_tau": 0.00011916659700681145,
  "rmse_r": 0.0013924603853216154,
  "rmse_tau": 0.006884375743679034,
  "r_pct_error": 4.337757008787911,
  "tau_pct_error": 0.22067888334594715,
  "rmse_r_pct": 46.41534617738718,
  "rmse_tau_pct": 12.748843969775988,
  "r_mean": 0.0016136337416074128,
  "tau_mean": 0.06088334429636598,
  "r_bias": -0.0013863662583925873,
  "tau_bias": 0.00688334429636598,
  "nside": 16,
  "lmax": 47,
  "num_blocks": 3,
  "hidden_channels": 32,
  "device": "cpu",
  "eval_time_s": 29.700867891311646
}