{
  "test": "test4_cnn_at_fiducial",
  "model_path": "test4_nside16_fsky1.0_noise0_nside16_best.pt",
  "r_fiducial": 0.006,
  "tau_fiducial": 0.054,
  "f_sky": 1.0,
  "noise_arcmin": 0,
  "noise_uK_per_pixel": 0.0,
  "n_realizations": 1000,
  "sigma_r": 0.0010164836766937166,
  "sigma_tau": 0.003010008601283035,
  "rmse_r": 0.0010168684337081583,
  "rmse_tau": 0.003915612781252809,
  "r_pct_error": 16.94139461156194,
  "tau_pct_error": 5.574090002375991,
  "rmse_r_pct": 16.947807228469305,
  "rmse_tau_pct": 7.251134780097794,
  "r_mean": 0.005972029542597466,
  "tau_mean": 0.051495629485696554,
  "r_bias": -2.797045740253381e-05,
  "tau_bias": -0.002504370514303446,
  "nside": 16,
  "lmax": 47,
  "num_blocks": 3,
  "hidden_channels": 32,
  "device": "cpu",
  "eval_time_s": 32.52521514892578
}