{
  "test": "test4_cnn_at_fiducial",
  "model_path": "test4_nside128_hc32_fsky1.0_noise6_nside128_best.pt",
  "r_fiducial": 0.003,
  "tau_fiducial": 0.054,
  "f_sky": 1.0,
  "noise_arcmin": 6,
  "noise_uK_per_pixel": 0.21830969769525088,
  "n_realizations": 1000,
  "sigma_r": 0.0,
  "sigma_tau": 0.0,
  "rmse_r": 0.0016811451794582577,
  "rmse_tau": 0.008686138778924941,
  "r_pct_error": 0.0,
  "tau_pct_error": 0.0,
  "rmse_r_pct": 56.03817264860859,
  "rmse_tau_pct": 16.08544218319434,
  "r_mean": 0.0013188548205417424,
  "tau_mean": 0.04531386122107506,
  "r_bias": -0.0016811451794582577,
  "tau_bias": -0.008686138778924941,
  "nside": 128,
  "lmax": 383,
  "num_blocks": 3,
  "hidden_channels": 32,
  "device": "cpu",
  "eval_time_s": 2333.752264022827
}