{
  "test": "test4_cnn_at_fiducial",
  "model_path": "test4_nside32_hc64_fsky0.1_noise6_nside32_best.pt",
  "r_fiducial": 0.003,
  "tau_fiducial": 0.054,
  "f_sky": 0.1,
  "noise_arcmin": 6,
  "noise_uK_per_pixel": 0.05457742442381272,
  "n_realizations": 1000,
  "sigma_r": 8.802852826383674e-06,
  "sigma_tau": 9.053661060502031e-05,
  "rmse_r": 0.0018790999029558563,
  "rmse_tau": 0.004047963375875684,
  "r_pct_error": 0.2934284275461224,
  "tau_pct_error": 0.16766039000929686,
  "rmse_r_pct": 62.63666343186187,
  "rmse_tau_pct": 7.49622847384386,
  "r_mean": 0.0011209207161296186,
  "tau_mean": 0.05804695077985525,
  "r_bias": -0.0018790792838703815,
  "tau_bias": 0.00404695077985525,
  "nside": 32,
  "lmax": 95,
  "num_blocks": 3,
  "hidden_channels": 64,
  "device": "cuda",
  "eval_time_s": 12.904141426086426
}