{
  "nside": 128,
  "config": "fsky0.1_noise0",
  "f_sky": 0.1,
  "noise_arcmin": 0,
  "r_fiducial": 0.003,
  "tau_fiducial": 0.054,
  "sigma_r_fisher": 0.000712863614459218,
  "sigma_tau_fisher": 0.0034660548710400987,
  "r_fisher_pct": 23.762120481973934,
  "tau_fisher_pct": 6.4186201315557385,
  "correlation_r_tau": 0.14267701036242433,
  "fisher_matrix": [
    [
      2008718.7980427651,
      -58944.61819551883
    ],
    [
      -58944.61819551883,
      84969.13027131055
    ]
  ],
  "lmax": 383
}