{
  "test": "test4_cnn_at_fiducial",
  "model_path": "test4_nside16_fsky0.1_noise6_nside16_best.pt",
  "r_fiducial": 0.003,
  "tau_fiducial": 0.04,
  "f_sky": 0.1,
  "noise_arcmin": 6,
  "noise_uK_per_pixel": 0.02728871221190636,
  "n_realizations": 1000,
  "sigma_r": 0.0001509783453751864,
  "sigma_tau": 0.0025500805632753436,
  "rmse_r": 0.0017351966011661575,
  "rmse_tau": 0.031584586530474495,
  "r_pct_error": 5.032611512506213,
  "tau_pct_error": 6.375201408188359,
  "rmse_r_pct": 57.83988670553858,
  "rmse_tau_pct": 78.96146632618624,
  "r_mean": 0.0012713841421743363,
  "tau_mean": 0.07148147384449839,
  "r_bias": -0.0017286158578256638,
  "tau_bias": 0.03148147384449839,
  "nside": 16,
  "lmax": 47,
  "num_blocks": 3,
  "hidden_channels": 32,
  "device": "cpu",
  "eval_time_s": 32.41443943977356
}