{
  "test": "test4_cnn_at_fiducial",
  "model_path": "test4_nside32_hc32_fsky0.1_noise0_nside32_best.pt",
  "r_fiducial": 0.003,
  "tau_fiducial": 0.04,
  "f_sky": 0.1,
  "noise_arcmin": 0,
  "noise_uK_per_pixel": 0.0,
  "n_realizations": 1000,
  "sigma_r": 4.840313173754151e-06,
  "sigma_tau": 6.43347191478855e-05,
  "rmse_r": 0.0019765133876861753,
  "rmse_tau": 0.012288219373451212,
  "r_pct_error": 0.1613437724584717,
  "tau_pct_error": 0.16083679786971375,
  "rmse_r_pct": 65.88377958953917,
  "rmse_tau_pct": 30.720548433628032,
  "r_mean": 0.001023492539080345,
  "tau_mean": 0.052288050960749385,
  "r_bias": -0.001976507460919655,
  "tau_bias": 0.012288050960749385,
  "nside": 32,
  "lmax": 95,
  "num_blocks": 3,
  "hidden_channels": 32,
  "device": "cpu",
  "eval_time_s": 121.49191784858704
}