{
  "test": "test4_mcmc_mh",
  "nside": 16,
  "config": "fsky0.1_noise6",
  "f_sky": 0.1,
  "noise_arcmin": 6,
  "n_test": 100,
  "mcmc_steps": 5000,
  "mcmc_burn_in": 2000,
  "r_mean": 0.009907582331584045,
  "tau_mean": 0.07944855413154743,
  "r_bias": 0.006907582331584045,
  "tau_bias": 0.02544855413154743,
  "sigma_r": 2.4304613271636578e-05,
  "sigma_tau": 0.00017126563917707223,
  "rmse_r": 0.006907896449092527,
  "rmse_tau": 0.02545149840188188,
  "r_pct_error": 230.26321496975092,
  "tau_pct_error": 47.13240444792941,
  "r_fiducial": 0.003,
  "tau_fiducial": 0.054,
  "cpu_time_seconds": 21.754059314727783,
  "method": "metropolis_hastings_A_lens"
}