{
  "test": "test4_cnn_at_fiducial",
  "model_path": "test4_nside16_fsky0.1_noise0_nside16_best.pt",
  "r_fiducial": 0.003,
  "tau_fiducial": 0.07,
  "f_sky": 0.1,
  "noise_arcmin": 0,
  "noise_uK_per_pixel": 0.0,
  "n_realizations": 1000,
  "sigma_r": 0.00021562657716807243,
  "sigma_tau": 0.00013680695173190604,
  "rmse_r": 0.0013560837011877879,
  "rmse_tau": 0.009110151667440987,
  "r_pct_error": 7.18755257226908,
  "tau_pct_error": 0.19543850247415148,
  "rmse_r_pct": 45.20279003959293,
  "rmse_tau_pct": 13.014502382058552,
  "r_mean": 0.0016611690981136002,
  "tau_mean": 0.06089087560400367,
  "r_bias": -0.0013388309018863998,
  "tau_bias": -0.009109124395996336,
  "nside": 16,
  "lmax": 47,
  "num_blocks": 3,
  "hidden_channels": 32,
  "device": "cpu",
  "eval_time_s": 29.35142207145691
}