{
  "test": "test4_cnn_at_fiducial",
  "model_path": "test4_nside32_hc64_fsky1.0_noise0_nside32_best.pt",
  "r_fiducial": 0.003,
  "tau_fiducial": 0.054,
  "f_sky": 1.0,
  "noise_arcmin": 0,
  "noise_uK_per_pixel": 0.0,
  "n_realizations": 1000,
  "sigma_r": 5.089546071237152e-05,
  "sigma_tau": 0.00011045510873467399,
  "rmse_r": 0.0018328427971943226,
  "rmse_tau": 0.0016571547903488969,
  "r_pct_error": 1.6965153570790505,
  "tau_pct_error": 0.2045464976568037,
  "rmse_r_pct": 61.094759906477414,
  "rmse_tau_pct": 3.0688051673127723,
  "r_mean": 0.0011678639866794867,
  "tau_mean": 0.05234653041511774,
  "r_bias": -0.0018321360133205134,
  "tau_bias": -0.0016534695848822584,
  "nside": 32,
  "lmax": 95,
  "num_blocks": 3,
  "hidden_channels": 64,
  "device": "cuda",
  "eval_time_s": 12.37448763847351
}