{
  "test": "test4_cnn_at_fiducial",
  "model_path": "test4_nside32_hc32_fsky1.0_noise0_nside32_best.pt",
  "r_fiducial": 0.001,
  "tau_fiducial": 0.054,
  "f_sky": 1.0,
  "noise_arcmin": 0,
  "noise_uK_per_pixel": 0.0,
  "n_realizations": 1000,
  "sigma_r": 1.6549188002185458e-05,
  "sigma_tau": 0.0043408546348151075,
  "rmse_r": 0.0011378217157137478,
  "rmse_tau": 0.004343357368511983,
  "r_pct_error": 1.6549188002185455,
  "tau_pct_error": 8.038619694102051,
  "rmse_r_pct": 113.78217157137477,
  "rmse_tau_pct": 8.0432543861333,
  "r_mean": 0.002137701358497143,
  "tau_mean": 0.054147425472736356,
  "r_bias": 0.001137701358497143,
  "tau_bias": 0.00014742547273635664,
  "nside": 32,
  "lmax": 95,
  "num_blocks": 3,
  "hidden_channels": 32,
  "device": "cpu",
  "eval_time_s": 118.91752076148987
}