{
  "test": "test4_cnn_at_fiducial",
  "model_path": "test4_nside32_hc32_fsky0.1_noise0_nside32_best.pt",
  "r_fiducial": 0.001,
  "tau_fiducial": 0.054,
  "f_sky": 0.1,
  "noise_arcmin": 0,
  "noise_uK_per_pixel": 0.0,
  "n_realizations": 1000,
  "sigma_r": 6.614759909143215e-06,
  "sigma_tau": 8.761954051087456e-05,
  "rmse_r": 2.5358092917600775e-05,
  "rmse_tau": 0.001700947060829265,
  "r_pct_error": 0.6614759909143215,
  "tau_pct_error": 0.1622584083534714,
  "rmse_r_pct": 2.5358092917600774,
  "rmse_tau_pct": 3.1499019644986386,
  "r_mean": 0.0010244801517103564,
  "tau_mean": 0.052301311176270245,
  "r_bias": 2.4480151710356418e-05,
  "tau_bias": -0.0016986888237297548,
  "nside": 32,
  "lmax": 95,
  "num_blocks": 3,
  "hidden_channels": 32,
  "device": "cpu",
  "eval_time_s": 120.84775304794312
}