{
  "test": "test4_cnn_at_fiducial",
  "model_path": "test4_nside32_hc32_fsky0.1_noise6_nside32_best.pt",
  "r_fiducial": 0.003,
  "tau_fiducial": 0.054,
  "f_sky": 0.1,
  "noise_arcmin": 6,
  "noise_uK_per_pixel": 0.05457742442381272,
  "n_realizations": 1000,
  "sigma_r": 7.379836206971376e-05,
  "sigma_tau": 0.00428819310475621,
  "rmse_r": 0.001962723906483244,
  "rmse_tau": 0.006411221383211188,
  "r_pct_error": 2.459945402323792,
  "tau_pct_error": 7.94109834214113,
  "rmse_r_pct": 65.42413021610814,
  "rmse_tau_pct": 11.872632191131832,
  "r_mean": 0.001038663992367276,
  "tau_mean": 0.05876604233309626,
  "r_bias": -0.001961336007632724,
  "tau_bias": 0.004766042333096264,
  "nside": 32,
  "lmax": 95,
  "num_blocks": 3,
  "hidden_channels": 32,
  "device": "cpu",
  "eval_time_s": 126.09638166427612
}