{
  "test": "test4_cnn_at_fiducial",
  "model_path": "test4_nside16_fsky0.1_noise6_nside16_best.pt",
  "r_fiducial": 0.006,
  "tau_fiducial": 0.054,
  "f_sky": 0.1,
  "noise_arcmin": 6,
  "noise_uK_per_pixel": 0.02728871221190636,
  "n_realizations": 1000,
  "sigma_r": 0.00017993215381358136,
  "sigma_tau": 0.0037778439939064887,
  "rmse_r": 0.004639882976066395,
  "rmse_tau": 0.021418102288272615,
  "r_pct_error": 2.9988692302263558,
  "tau_pct_error": 6.996007396123128,
  "rmse_r_pct": 77.33138293443992,
  "rmse_tau_pct": 39.66315238569003,
  "r_mean": 0.0013636071724222123,
  "tau_mean": 0.07508229115605354,
  "r_bias": -0.004636392827577788,
  "tau_bias": 0.02108229115605354,
  "nside": 16,
  "lmax": 47,
  "num_blocks": 3,
  "hidden_channels": 32,
  "device": "cpu",
  "eval_time_s": 31.699791193008423
}