{
  "test": "test4_cnn_at_fiducial",
  "model_path": "test4_nside16_fsky0.1_noise0_nside16_best.pt",
  "r_fiducial": 0.003,
  "tau_fiducial": 0.04,
  "f_sky": 0.1,
  "noise_arcmin": 0,
  "noise_uK_per_pixel": 0.0,
  "n_realizations": 1000,
  "sigma_r": 7.537943711666438e-05,
  "sigma_tau": 0.0001487339299719245,
  "rmse_r": 0.0014103528807570625,
  "rmse_tau": 0.020804917689308762,
  "r_pct_error": 2.5126479038888125,
  "tau_pct_error": 0.37183482492981124,
  "rmse_r_pct": 47.01176269190208,
  "rmse_tau_pct": 52.0122942232719,
  "r_mean": 0.0015916629704791118,
  "tau_mean": 0.06080438603460789,
  "r_bias": -0.0014083370295208883,
  "tau_bias": 0.020804386034607887,
  "nside": 16,
  "lmax": 47,
  "num_blocks": 3,
  "hidden_channels": 32,
  "device": "cpu",
  "eval_time_s": 30.73891544342041
}