{
  "test": "test4_cnn_at_fiducial",
  "model_path": "test4_nside32_hc32_fsky0.1_noise6_nside32_best.pt",
  "r_fiducial": 0.003,
  "tau_fiducial": 0.07,
  "f_sky": 0.1,
  "noise_arcmin": 6,
  "noise_uK_per_pixel": 0.05457742442381272,
  "n_realizations": 1000,
  "sigma_r": 8.321998486342933e-05,
  "sigma_tau": 0.004815491283153288,
  "rmse_r": 0.001977485960318464,
  "rmse_tau": 0.01209466916806933,
  "r_pct_error": 2.773999495447644,
  "tau_pct_error": 6.879273261647553,
  "rmse_r_pct": 65.91619867728213,
  "rmse_tau_pct": 17.278098811527613,
  "r_mean": 0.0010242659193666862,
  "tau_mean": 0.05890531361475587,
  "r_bias": -0.001975734080633314,
  "tau_bias": -0.011094686385244135,
  "nside": 32,
  "lmax": 95,
  "num_blocks": 3,
  "hidden_channels": 32,
  "device": "cpu",
  "eval_time_s": 125.26799249649048
}