{
  "test": "test4_cnn_at_fiducial",
  "model_path": "test4_nside32_hc32_fsky1.0_noise0_nside32_best.pt",
  "r_fiducial": 0.003,
  "tau_fiducial": 0.04,
  "f_sky": 1.0,
  "noise_arcmin": 0,
  "noise_uK_per_pixel": 0.0,
  "n_realizations": 1000,
  "sigma_r": 4.7370295420819896e-05,
  "sigma_tau": 0.0018541467179291895,
  "rmse_r": 0.0018849919917251874,
  "rmse_tau": 0.012076237508944222,
  "r_pct_error": 1.5790098473606633,
  "tau_pct_error": 4.635366794822974,
  "rmse_r_pct": 62.833066390839576,
  "rmse_tau_pct": 30.19059377236055,
  "r_mean": 0.001115603315652505,
  "tau_mean": 0.05193304874375462,
  "r_bias": -0.0018843966843474951,
  "tau_bias": 0.011933048743754622,
  "nside": 32,
  "lmax": 95,
  "num_blocks": 3,
  "hidden_channels": 32,
  "device": "cpu",
  "eval_time_s": 113.73123407363892
}