{
  "test": "test4_cnn_at_fiducial",
  "model_path": "test4_nside32_hc32_fsky1.0_noise0_nside32_best.pt",
  "r_fiducial": 0.006,
  "tau_fiducial": 0.054,
  "f_sky": 1.0,
  "noise_arcmin": 0,
  "noise_uK_per_pixel": 0.0,
  "n_realizations": 1000,
  "sigma_r": 3.5937716495059814e-05,
  "sigma_tau": 0.006846775055332361,
  "rmse_r": 0.005012536830164782,
  "rmse_tau": 0.01477602425147798,
  "r_pct_error": 0.5989619415843302,
  "tau_pct_error": 12.679213065430298,
  "rmse_r_pct": 83.54228050274637,
  "rmse_tau_pct": 27.36300787310737,
  "r_mean": 0.0009875920004162148,
  "tau_mean": 0.040906010385602716,
  "r_bias": -0.0050124079995837855,
  "tau_bias": -0.013093989614397283,
  "nside": 32,
  "lmax": 95,
  "num_blocks": 3,
  "hidden_channels": 32,
  "device": "cpu",
  "eval_time_s": 115.03757786750793
}