{
  "test": "test4_mcmc_mh",
  "nside": 128,
  "config": "fsky0.1_noise0",
  "f_sky": 0.1,
  "noise_arcmin": 0,
  "n_test": 100,
  "mcmc_steps": 5000,
  "mcmc_burn_in": 2000,
  "r_mean": 0.009910912011015321,
  "tau_mean": 0.079550976897692,
  "r_bias": 0.006910912011015321,
  "tau_bias": 0.025550976897692,
  "sigma_r": 3.123416080023632e-05,
  "sigma_tau": 0.00014099734663468284,
  "rmse_r": 0.006911171163942685,
  "rmse_tau": 0.025552464361911855,
  "r_pct_error": 230.37237213142282,
  "tau_pct_error": 47.31937844798492,
  "r_fiducial": 0.003,
  "tau_fiducial": 0.054,
  "cpu_time_seconds": 25.810030221939087,
  "method": "metropolis_hastings_A_lens"
}