{
  "nside": 128,
  "config": "fsky0.1_noise6",
  "f_sky": 0.1,
  "noise_arcmin": 6,
  "r_fiducial": 0.003,
  "tau_fiducial": 0.054,
  "sigma_r_fisher": 0.0017561145024513982,
  "sigma_tau_fisher": 0.004237594017256725,
  "r_fisher_pct": 58.53715008171327,
  "tau_fisher_pct": 7.847396328253193,
  "correlation_r_tau": -0.016556047243706486,
  "fisher_matrix": [
    [
      324349.62395124644,
      2225.376709232871
    ],
    [
      2225.376709232871,
      55703.228102090055
    ]
  ],
  "lmax": 383
}