{
  "test": "test4_mcmc_mh",
  "nside": 128,
  "config": "fsky1.0_noise6",
  "f_sky": 1.0,
  "noise_arcmin": 6,
  "n_test": 100,
  "mcmc_steps": 5000,
  "mcmc_burn_in": 2000,
  "r_mean": 0.009747690924982167,
  "tau_mean": 0.06710635602400218,
  "r_bias": 0.006747690924982167,
  "tau_bias": 0.013106356024002182,
  "sigma_r": 8.242962740936973e-05,
  "sigma_tau": 6.620959475675698e-05,
  "rmse_r": 0.006753081609069917,
  "rmse_tau": 0.015488419942261626,
  "r_pct_error": 225.1027203023306,
  "tau_pct_error": 28.682259152336343,
  "r_fiducial": 0.003,
  "tau_fiducial": 0.054,
  "cpu_time_seconds": 31.01028060913086,
  "method": "metropolis_hastings_A_lens"
}