{
  "test": "test4_cnn_at_fiducial",
  "model_path": "test4_nside32_hc32_fsky1.0_noise0_nside32_best.pt",
  "r_fiducial": 0.006,
  "tau_fiducial": 0.054,
  "f_sky": 1.0,
  "noise_arcmin": 0,
  "noise_uK_per_pixel": 0.0,
  "n_realizations": 1000,
  "sigma_r": 0.00017452924544479273,
  "sigma_tau": 0.006136433544569803,
  "rmse_r": 0.00485958635604598,
  "rmse_tau": 0.010664829359723177,
  "r_pct_error": 2.908820757413212,
  "tau_pct_error": 11.363765823277411,
  "rmse_r_pct": 80.99310593409966,
  "rmse_tau_pct": 19.749683999487367,
  "r_mean": 0.001143548713890696,
  "tau_mean": 0.0452774562984705,
  "r_bias": -0.004856451286109304,
  "tau_bias": -0.0087225437015295,
  "nside": 32,
  "lmax": 95,
  "num_blocks": 3,
  "hidden_channels": 32,
  "device": "cpu",
  "eval_time_s": 120.40445280075073
}