{
  "test": "test4_cnn_at_fiducial",
  "model_path": "test4_nside32_hc64_fsky0.1_noise0_nside32_best.pt",
  "r_fiducial": 0.003,
  "tau_fiducial": 0.054,
  "f_sky": 0.1,
  "noise_arcmin": 0,
  "noise_uK_per_pixel": 0.0,
  "n_realizations": 1000,
  "sigma_r": 2.168404344971009e-19,
  "sigma_tau": 0.0,
  "rmse_r": 0.001847918750305548,
  "rmse_tau": 0.0013797306418418878,
  "r_pct_error": 7.228014483236695e-15,
  "tau_pct_error": 0.0,
  "rmse_r_pct": 61.5972916768516,
  "rmse_tau_pct": 2.5550567441516443,
  "r_mean": 0.001152081249694452,
  "tau_mean": 0.05262026935815811,
  "r_bias": -0.001847918750305548,
  "tau_bias": -0.0013797306418418878,
  "nside": 32,
  "lmax": 95,
  "num_blocks": 3,
  "hidden_channels": 64,
  "device": "cuda",
  "eval_time_s": 12.363513708114624
}