{
  "test": "test4_cnn_at_fiducial",
  "model_path": "test4_nside32_hc32_fsky1.0_noise0_nside32_best.pt",
  "r_fiducial": 0.003,
  "tau_fiducial": 0.054,
  "f_sky": 1.0,
  "noise_arcmin": 0,
  "noise_uK_per_pixel": 0.0,
  "n_realizations": 1000,
  "sigma_r": 7.57714454105402e-05,
  "sigma_tau": 0.002974307693994803,
  "rmse_r": 0.0018994920544499706,
  "rmse_tau": 0.0034816881207947173,
  "r_pct_error": 2.5257148470180066,
  "tau_pct_error": 5.507977211101487,
  "rmse_r_pct": 63.316401814999026,
  "rmse_tau_pct": 6.447570594064292,
  "r_mean": 0.0011020198228171697,
  "tau_mean": 0.055809874556958676,
  "r_bias": -0.0018979801771828303,
  "tau_bias": 0.0018098745569586766,
  "nside": 32,
  "lmax": 95,
  "num_blocks": 3,
  "hidden_channels": 32,
  "device": "cpu",
  "eval_time_s": 115.84677624702454
}