{
  "test": "test4_cnn_at_fiducial",
  "model_path": "test4_nside32_hc32_fsky0.1_noise0_nside32_best.pt",
  "r_fiducial": 0.003,
  "tau_fiducial": 0.07,
  "f_sky": 0.1,
  "noise_arcmin": 0,
  "noise_uK_per_pixel": 0.0,
  "n_realizations": 1000,
  "sigma_r": 8.636644204134198e-06,
  "sigma_tau": 0.0001139999391329126,
  "rmse_r": 0.001974306391483295,
  "rmse_tau": 0.017682429095754276,
  "r_pct_error": 0.2878881401378066,
  "tau_pct_error": 0.16285705590416083,
  "rmse_r_pct": 65.81021304944316,
  "rmse_tau_pct": 25.26061299393468,
  "r_mean": 0.0010257124991965632,
  "tau_mean": 0.05231793839111924,
  "r_bias": -0.001974287500803437,
  "tau_bias": -0.017682061608880764,
  "nside": 32,
  "lmax": 95,
  "num_blocks": 3,
  "hidden_channels": 32,
  "device": "cpu",
  "eval_time_s": 122.39961528778076
}