{
  "test": "test4_cnn_at_fiducial",
  "model_path": "test4_nside32_hc32_fsky0.1_noise6_nside32_best.pt",
  "r_fiducial": 0.001,
  "tau_fiducial": 0.054,
  "f_sky": 0.1,
  "noise_arcmin": 6,
  "noise_uK_per_pixel": 0.05457742442381272,
  "n_realizations": 1000,
  "sigma_r": 7.378148239511434e-05,
  "sigma_tau": 0.004287267625207173,
  "rmse_r": 8.330958555841694e-05,
  "rmse_tau": 0.006410565711724866,
  "r_pct_error": 7.378148239511434,
  "tau_pct_error": 7.939384491124395,
  "rmse_r_pct": 8.330958555841693,
  "rmse_tau_pct": 11.871417984675677,
  "r_mean": 0.0010386882398345366,
  "tau_mean": 0.0587659929767251,
  "r_bias": 3.868823983453661e-05,
  "tau_bias": 0.0047659929767251,
  "nside": 32,
  "lmax": 95,
  "num_blocks": 3,
  "hidden_channels": 32,
  "device": "cpu",
  "eval_time_s": 123.23351502418518
}