{
  "test": "test4_cnn_at_fiducial",
  "model_path": "test4_nside32_hc64_fsky1.0_noise6_nside32_best.pt",
  "r_fiducial": 0.003,
  "tau_fiducial": 0.054,
  "f_sky": 1.0,
  "noise_arcmin": 6,
  "noise_uK_per_pixel": 0.05457742442381272,
  "n_realizations": 1000,
  "sigma_r": 1.5480002656870906e-05,
  "sigma_tau": 2.4162544552924627e-05,
  "rmse_r": 0.0018553409981091685,
  "rmse_tau": 0.003128718051391298,
  "r_pct_error": 0.5160000885623635,
  "tau_pct_error": 0.044745452875786344,
  "rmse_r_pct": 61.84469993697228,
  "rmse_tau_pct": 5.793922317391292,
  "r_mean": 0.0011447235815699947,
  "tau_mean": 0.0571286247484386,
  "r_bias": -0.0018552764184300054,
  "tau_bias": 0.0031286247484385993,
  "nside": 32,
  "lmax": 95,
  "num_blocks": 3,
  "hidden_channels": 64,
  "device": "cuda",
  "eval_time_s": 12.586207389831543
}