{
  "test": "test4_cnn_at_fiducial",
  "model_path": "test4_nside16_fsky1.0_noise6_nside16_best.pt",
  "r_fiducial": 0.006,
  "tau_fiducial": 0.054,
  "f_sky": 1.0,
  "noise_arcmin": 6,
  "noise_uK_per_pixel": 0.02728871221190636,
  "n_realizations": 1000,
  "sigma_r": 0.0016663133286527216,
  "sigma_tau": 0.004708108325226557,
  "rmse_r": 0.001853099724522892,
  "rmse_tau": 0.005129718576292337,
  "r_pct_error": 27.771888810878693,
  "tau_pct_error": 8.71871912078992,
  "rmse_r_pct": 30.884995408714865,
  "rmse_tau_pct": 9.49947884498581,
  "r_mean": 0.005189211199028314,
  "tau_mean": 0.0519634026736021,
  "r_bias": -0.0008107888009716863,
  "tau_bias": -0.002036597326397896,
  "nside": 16,
  "lmax": 47,
  "num_blocks": 3,
  "hidden_channels": 32,
  "device": "cpu",
  "eval_time_s": 31.681330919265747
}