{
  "test": "test4_mcmc_mh",
  "nside": 128,
  "config": "fsky1.0_noise0",
  "f_sky": 1.0,
  "noise_arcmin": 0,
  "n_test": 100,
  "mcmc_steps": 5000,
  "mcmc_burn_in": 2000,
  "r_mean": 0.009530770367504049,
  "tau_mean": 0.06734069701307734,
  "r_bias": 0.006530770367504049,
  "tau_bias": 0.013340697013077336,
  "sigma_r": 0.0001034014947860377,
  "sigma_tau": 8.152053455128401e-05,
  "rmse_r": 0.006545652739269197,
  "rmse_tau": 0.015968853938896264,
  "r_pct_error": 218.18842464230656,
  "tau_pct_error": 29.57195173869679,
  "r_fiducial": 0.003,
  "tau_fiducial": 0.054,
  "cpu_time_seconds": 29.06882667541504,
  "method": "metropolis_hastings_A_lens"
}