{
  "test": "test4_cnn_at_fiducial",
  "model_path": "test4_nside32_hc32_fsky1.0_noise0_nside32_best.pt",
  "r_fiducial": 0.003,
  "tau_fiducial": 0.054,
  "f_sky": 1.0,
  "noise_arcmin": 0,
  "noise_uK_per_pixel": 0.0,
  "n_realizations": 1000,
  "sigma_r": 0.00017462298341774132,
  "sigma_tau": 0.006134496226134066,
  "rmse_r": 0.0018643879646496892,
  "rmse_tau": 0.010676730196302355,
  "r_pct_error": 5.82076611392471,
  "tau_pct_error": 11.360178196544567,
  "rmse_r_pct": 62.146265488322975,
  "rmse_tau_pct": 19.771722585745103,
  "r_mean": 0.0011438078503579168,
  "tau_mean": 0.04526154912263155,
  "r_bias": -0.0018561921496420832,
  "tau_bias": -0.00873845087736845,
  "nside": 32,
  "lmax": 95,
  "num_blocks": 3,
  "hidden_channels": 32,
  "device": "cpu",
  "eval_time_s": 120.4809148311615
}