{
  "test": "test4_mcmc_mh",
  "nside": 16,
  "config": "fsky1.0_noise6",
  "f_sky": 1.0,
  "noise_arcmin": 6,
  "n_test": 100,
  "mcmc_steps": 5000,
  "mcmc_burn_in": 2000,
  "r_mean": 0.008897802230390857,
  "tau_mean": 0.0799864746669427,
  "r_bias": 0.005897802230390857,
  "tau_bias": 0.025986474666942698,
  "sigma_r": 0.0004549159890610429,
  "sigma_tau": 5.954346932050842e-06,
  "rmse_r": 0.00599113417315582,
  "rmse_tau": 0.02598647627598166,
  "r_pct_error": 199.70447243852735,
  "tau_pct_error": 48.123104214780845,
  "r_fiducial": 0.003,
  "tau_fiducial": 0.054,
  "cpu_time_seconds": 25.608438730239868,
  "method": "metropolis_hastings_A_lens"
}