{
  "test": "test4_cnn_at_fiducial",
  "model_path": "test4_nside128_hc32_fsky0.1_noise6_nside128_best.pt",
  "r_fiducial": 0.003,
  "tau_fiducial": 0.054,
  "f_sky": 0.1,
  "noise_arcmin": 6,
  "noise_uK_per_pixel": 0.21830969769525088,
  "n_realizations": 1000,
  "sigma_r": 0.0,
  "sigma_tau": 0.0,
  "rmse_r": 0.0018909159263638226,
  "rmse_tau": 0.0008463501036167151,
  "r_pct_error": 0.0,
  "tau_pct_error": 0.0,
  "rmse_r_pct": 63.03053087879409,
  "rmse_tau_pct": 1.5673150066976207,
  "r_mean": 0.0011090840736361774,
  "tau_mean": 0.054846350103616714,
  "r_bias": -0.0018909159263638226,
  "tau_bias": 0.0008463501036167151,
  "nside": 128,
  "lmax": 383,
  "num_blocks": 3,
  "hidden_channels": 32,
  "device": "cpu",
  "eval_time_s": 2624.467539548874
}