{
  "test": "test4_cnn_at_fiducial",
  "model_path": "test4_nside32_hc32_fsky1.0_noise6_nside32_best.pt",
  "r_fiducial": 0.006,
  "tau_fiducial": 0.054,
  "f_sky": 1.0,
  "noise_arcmin": 6,
  "noise_uK_per_pixel": 0.05457742442381272,
  "n_realizations": 1000,
  "sigma_r": 1.498031849292988e-05,
  "sigma_tau": 0.003276336554446012,
  "rmse_r": 0.004947902528260535,
  "rmse_tau": 0.0054462782554336115,
  "r_pct_error": 0.24967197488216467,
  "tau_pct_error": 6.067289915640763,
  "rmse_r_pct": 82.46504213767558,
  "rmse_tau_pct": 10.085700473025208,
  "r_mean": 0.0010521201490714385,
  "tau_mean": 0.04964941778406501,
  "r_bias": -0.004947879850928562,
  "tau_bias": -0.004350582215934991,
  "nside": 32,
  "lmax": 95,
  "num_blocks": 3,
  "hidden_channels": 32,
  "device": "cpu",
  "eval_time_s": 166.61974501609802
}