{
  "test": "test4_cnn_at_fiducial",
  "model_path": "test4_nside16_fsky0.1_noise6_nside16_best.pt",
  "r_fiducial": 0.001,
  "tau_fiducial": 0.054,
  "f_sky": 0.1,
  "noise_arcmin": 6,
  "noise_uK_per_pixel": 0.02728871221190636,
  "n_realizations": 1000,
  "sigma_r": 0.0001799540691195347,
  "sigma_tau": 0.0037707064610145386,
  "rmse_r": 0.00040557838561972915,
  "rmse_tau": 0.021400410052357047,
  "r_pct_error": 17.99540691195347,
  "tau_pct_error": 6.9827897426195165,
  "rmse_r_pct": 40.557838561972915,
  "rmse_tau_pct": 39.63038898584638,
  "r_mean": 0.0013634698885591865,
  "tau_mean": 0.07506559572368861,
  "r_bias": 0.00036346988855918646,
  "tau_bias": 0.02106559572368861,
  "nside": 16,
  "lmax": 47,
  "num_blocks": 3,
  "hidden_channels": 32,
  "device": "cpu",
  "eval_time_s": 32.25580286979675
}