{
  "test": "test4_cnn_at_fiducial",
  "model_path": "test4_nside32_hc32_fsky1.0_noise6_nside32_best.pt",
  "r_fiducial": 0.003,
  "tau_fiducial": 0.04,
  "f_sky": 1.0,
  "noise_arcmin": 6,
  "noise_uK_per_pixel": 0.05457742442381272,
  "n_realizations": 1000,
  "sigma_r": 7.329341158519115e-06,
  "sigma_tau": 0.0015848764393624297,
  "rmse_r": 0.0019276043531557118,
  "rmse_tau": 0.0054604089626611755,
  "r_pct_error": 0.24431137195063718,
  "tau_pct_error": 3.9621910984060738,
  "rmse_r_pct": 64.25347843852373,
  "rmse_tau_pct": 13.651022406652938,
  "r_mean": 0.0010724095810927489,
  "tau_mean": 0.04522534522414207,
  "r_bias": -0.0019275904189072512,
  "tau_bias": 0.005225345224142072,
  "nside": 32,
  "lmax": 95,
  "num_blocks": 3,
  "hidden_channels": 32,
  "device": "cpu",
  "eval_time_s": 123.54661178588867
}