{
  "test": "test4_cnn_at_fiducial",
  "model_path": "test4_nside16_fsky0.1_noise0_nside16_best.pt",
  "r_fiducial": 0.001,
  "tau_fiducial": 0.054,
  "f_sky": 0.1,
  "noise_arcmin": 0,
  "noise_uK_per_pixel": 0.0,
  "n_realizations": 1000,
  "sigma_r": 0.0001300986484739075,
  "sigma_tau": 0.00011917846666558317,
  "rmse_r": 0.0006272295736656949,
  "rmse_tau": 0.0068843611992107905,
  "r_pct_error": 13.009864847390752,
  "tau_pct_error": 0.2207008641955244,
  "rmse_r_pct": 62.72295736656949,
  "rmse_tau_pct": 12.748817035575538,
  "r_mean": 0.0016135888523646042,
  "tau_mean": 0.060883329544216394,
  "r_bias": 0.0006135888523646042,
  "tau_bias": 0.006883329544216395,
  "nside": 16,
  "lmax": 47,
  "num_blocks": 3,
  "hidden_channels": 32,
  "device": "cpu",
  "eval_time_s": 32.05601906776428
}