{
  "test": "test4_cnn_at_fiducial",
  "model_path": "test4_nside16_fsky0.1_noise6_nside16_best.pt",
  "r_fiducial": 0.003,
  "tau_fiducial": 0.054,
  "f_sky": 0.1,
  "noise_arcmin": 6,
  "noise_uK_per_pixel": 0.02728871221190636,
  "n_realizations": 1000,
  "sigma_r": 0.00017994473874441693,
  "sigma_tau": 0.003773550827420298,
  "rmse_r": 0.0016463387794403064,
  "rmse_tau": 0.021407465129525835,
  "r_pct_error": 5.998157958147231,
  "tau_pct_error": 6.988057087815366,
  "rmse_r_pct": 54.877959314676886,
  "rmse_tau_pct": 39.64345394356636,
  "r_mean": 0.0013635247427207459,
  "tau_mean": 0.07507225373387337,
  "r_bias": -0.0016364752572792542,
  "tau_bias": 0.02107225373387337,
  "nside": 16,
  "lmax": 47,
  "num_blocks": 3,
  "hidden_channels": 32,
  "device": "cpu",
  "eval_time_s": 29.935773372650146
}