{
  "test": "test4_cnn_at_fiducial",
  "model_path": "test4_nside32_hc32_fsky1.0_noise0_nside32_best.pt",
  "r_fiducial": 0.001,
  "tau_fiducial": 0.054,
  "f_sky": 1.0,
  "noise_arcmin": 0,
  "noise_uK_per_pixel": 0.0,
  "n_realizations": 1000,
  "sigma_r": 0.00017468516945751144,
  "sigma_tau": 0.006133200526590641,
  "rmse_r": 0.00022637335940272515,
  "rmse_tau": 0.010684612551414818,
  "r_pct_error": 17.468516945751144,
  "tau_pct_error": 11.35777875294563,
  "rmse_r_pct": 22.637335940272514,
  "rmse_tau_pct": 19.78631953965707,
  "r_mean": 0.0011439791284140722,
  "tau_mean": 0.04525101167708635,
  "r_bias": 0.00014397912841407215,
  "tau_bias": -0.008748988322913646,
  "nside": 32,
  "lmax": 95,
  "num_blocks": 3,
  "hidden_channels": 32,
  "device": "cpu",
  "eval_time_s": 119.7409393787384
}