{
  "test": "test4_cnn_at_fiducial",
  "model_path": "test4_nside32_hc32_fsky0.1_noise0_nside32_best.pt",
  "r_fiducial": 0.006,
  "tau_fiducial": 0.054,
  "f_sky": 0.1,
  "noise_arcmin": 0,
  "noise_uK_per_pixel": 0.0,
  "n_realizations": 1000,
  "sigma_r": 6.620074433179152e-06,
  "sigma_tau": 8.76891036041261e-05,
  "rmse_r": 0.004975521594149508,
  "rmse_tau": 0.001700914584374586,
  "r_pct_error": 0.11033457388631919,
  "tau_pct_error": 0.16238722889652982,
  "rmse_r_pct": 82.9253599024918,
  "rmse_tau_pct": 3.1498418229158998,
  "r_mean": 0.0010244828099520587,
  "tau_mean": 0.05230134728550911,
  "r_bias": -0.004975517190047941,
  "tau_bias": -0.001698652714490892,
  "nside": 32,
  "lmax": 95,
  "num_blocks": 3,
  "hidden_channels": 32,
  "device": "cpu",
  "eval_time_s": 162.2052445411682
}