{
  "test": "test4_cnn_at_fiducial",
  "model_path": "test4_nside16_fsky1.0_noise6_nside16_best.pt",
  "r_fiducial": 0.003,
  "tau_fiducial": 0.04,
  "f_sky": 1.0,
  "noise_arcmin": 6,
  "noise_uK_per_pixel": 0.02728871221190636,
  "n_realizations": 1000,
  "sigma_r": 0.0010181359109063088,
  "sigma_tau": 0.004613203051571522,
  "rmse_r": 0.0014934076841736869,
  "rmse_tau": 0.008807896594966561,
  "r_pct_error": 33.93786369687696,
  "tau_pct_error": 11.533007628928804,
  "rmse_r_pct": 49.7802561391229,
  "rmse_tau_pct": 22.019741487416404,
  "r_mean": 0.0019074498738858728,
  "tau_mean": 0.04750315933674574,
  "r_bias": -0.0010925501261141272,
  "tau_bias": 0.007503159336745738,
  "nside": 16,
  "lmax": 47,
  "num_blocks": 3,
  "hidden_channels": 32,
  "device": "cpu",
  "eval_time_s": 30.029322624206543
}