{
  "test": "test4_cnn_at_fiducial",
  "model_path": "test4_nside16_fsky1.0_noise0_nside16_best.pt",
  "r_fiducial": 0.003,
  "tau_fiducial": 0.054,
  "f_sky": 1.0,
  "noise_arcmin": 0,
  "noise_uK_per_pixel": 0.0,
  "n_realizations": 1000,
  "sigma_r": 0.0006761410248618114,
  "sigma_tau": 0.0034970407841362025,
  "rmse_r": 0.0006880874884413052,
  "rmse_tau": 0.003675929607201612,
  "r_pct_error": 22.53803416206038,
  "tau_pct_error": 6.476001452104079,
  "rmse_r_pct": 22.93624961471017,
  "rmse_tau_pct": 6.807277050373356,
  "r_mean": 0.0028723375299930217,
  "tau_mean": 0.05513276839256286,
  "r_bias": -0.0001276624700069784,
  "tau_bias": 0.0011327683925628634,
  "nside": 16,
  "lmax": 47,
  "num_blocks": 3,
  "hidden_channels": 32,
  "device": "cpu",
  "eval_time_s": 29.81801962852478
}