{
  "test": "test4_cnn_at_fiducial",
  "model_path": "test4_nside32_hc32_fsky1.0_noise0_nside32_best.pt",
  "r_fiducial": 0.006,
  "tau_fiducial": 0.054,
  "f_sky": 1.0,
  "noise_arcmin": 0,
  "noise_uK_per_pixel": 0.0,
  "n_realizations": 1000,
  "sigma_r": 1.6570778831540312e-05,
  "sigma_tau": 0.004346480794449358,
  "rmse_r": 0.00386217297697157,
  "rmse_tau": 0.00434775215274719,
  "r_pct_error": 0.2761796471923385,
  "tau_pct_error": 8.049038508239551,
  "rmse_r_pct": 64.36954961619283,
  "rmse_tau_pct": 8.05139287545776,
  "r_mean": 0.002137862571924925,
  "tau_mean": 0.05410513555631041,
  "r_bias": -0.0038621374280750752,
  "tau_bias": 0.00010513555631041366,
  "nside": 32,
  "lmax": 95,
  "num_blocks": 3,
  "hidden_channels": 32,
  "device": "cpu",
  "eval_time_s": 123.78282809257507
}