{
  "test": "test4_cnn_at_fiducial",
  "model_path": "test4_nside32_hc32_fsky0.1_noise6_nside32_best.pt",
  "r_fiducial": 0.006,
  "tau_fiducial": 0.054,
  "f_sky": 0.1,
  "noise_arcmin": 6,
  "noise_uK_per_pixel": 0.05457742442381272,
  "n_realizations": 1000,
  "sigma_r": 7.382375831826308e-05,
  "sigma_tau": 0.004289581918048427,
  "rmse_r": 0.0049619216104434755,
  "rmse_tau": 0.006412206367153954,
  "r_pct_error": 1.2303959719710513,
  "tau_pct_error": 7.943670218608198,
  "rmse_r_pct": 82.69869350739125,
  "rmse_tau_pct": 11.874456235470285,
  "r_mean": 0.001038627597035903,
  "tau_mean": 0.05876611765101552,
  "r_bias": -0.004961372402964097,
  "tau_bias": 0.0047661176510155195,
  "nside": 32,
  "lmax": 95,
  "num_blocks": 3,
  "hidden_channels": 32,
  "device": "cpu",
  "eval_time_s": 165.5620036125183
}