{
  "test": "test4_cnn_at_fiducial",
  "model_path": "test4_nside32_hc32_fsky1.0_noise0_nside32_best.pt",
  "r_fiducial": 0.003,
  "tau_fiducial": 0.07,
  "f_sky": 1.0,
  "noise_arcmin": 0,
  "noise_uK_per_pixel": 0.0,
  "n_realizations": 1000,
  "sigma_r": 0.00010765900030530294,
  "sigma_tau": 0.004666633860015902,
  "rmse_r": 0.0019300219732439174,
  "rmse_tau": 0.010416856030159715,
  "r_pct_error": 3.5886333435100974,
  "tau_pct_error": 6.666619800022716,
  "rmse_r_pct": 64.33406577479724,
  "rmse_tau_pct": 14.881222900228163,
  "r_mean": 0.0010729830418863442,
  "tau_mean": 0.06068692220747471,
  "r_bias": -0.0019270169581136558,
  "tau_bias": -0.009313077792525298,
  "nside": 32,
  "lmax": 95,
  "num_blocks": 3,
  "hidden_channels": 32,
  "device": "cpu",
  "eval_time_s": 115.50921964645386
}