{
  "test": "test4_cnn_at_fiducial",
  "model_path": "test4_nside16_fsky0.1_noise6_nside16_best.pt",
  "r_fiducial": 0.003,
  "tau_fiducial": 0.07,
  "f_sky": 0.1,
  "noise_arcmin": 6,
  "noise_uK_per_pixel": 0.02728871221190636,
  "n_realizations": 1000,
  "sigma_r": 0.00021348034002935534,
  "sigma_tau": 0.007351236613663887,
  "rmse_r": 0.0016588682282853064,
  "rmse_tau": 0.01343404007216424,
  "r_pct_error": 7.116011334311844,
  "tau_pct_error": 10.501766590948408,
  "rmse_r_pct": 55.29560760951021,
  "rmse_tau_pct": 19.191485817377483,
  "r_mean": 0.0013549255508532806,
  "tau_mean": 0.08124423198401928,
  "r_bias": -0.0016450744491467194,
  "tau_bias": 0.011244231984019276,
  "nside": 16,
  "lmax": 47,
  "num_blocks": 3,
  "hidden_channels": 32,
  "device": "cpu",
  "eval_time_s": 29.566975116729736
}