{
  "nside": 16,
  "config": "fsky1.0_noise0",
  "f_sky": 1.0,
  "noise_arcmin": 0,
  "r_fiducial": 0.003,
  "tau_fiducial": 0.054,
  "sigma_r_fisher": 0.0015642462764692549,
  "sigma_tau_fisher": 0.002226681518460404,
  "r_fisher_pct": 52.14154254897516,
  "tau_fisher_pct": 4.123484293445193,
  "correlation_r_tau": -0.021028322123742258,
  "fisher_matrix": [
    [
      408866.77770871285,
      6039.951761701827
    ],
    [
      6039.951761701827,
      201778.95770352625
    ]
  ],
  "lmax": 47
}