{
  "nside": 128,
  "config": "fsky1.0_noise0",
  "f_sky": 1.0,
  "noise_arcmin": 0,
  "r_fiducial": 0.003,
  "tau_fiducial": 0.054,
  "sigma_r_fisher": 0.00022542726827512693,
  "sigma_tau_fisher": 0.0010960627887607898,
  "r_fisher_pct": 7.514242275837564,
  "tau_fisher_pct": 2.029745905112574,
  "correlation_r_tau": 0.14267701036242436,
  "fisher_matrix": [
    [
      20087187.98042765,
      -589446.1819551883
    ],
    [
      -589446.1819551883,
      849691.3027131055
    ]
  ],
  "lmax": 383
}