{
  "test": "test4_cnn_at_fiducial",
  "model_path": "test4_nside32_hc32_fsky1.0_noise0_nside32_best.pt",
  "r_fiducial": 0.003,
  "tau_fiducial": 0.054,
  "f_sky": 1.0,
  "noise_arcmin": 0,
  "noise_uK_per_pixel": 0.0,
  "n_realizations": 1000,
  "sigma_r": 3.5923624307415784e-05,
  "sigma_tau": 0.006845954566139198,
  "rmse_r": 0.002012777140842473,
  "rmse_tau": 0.014788057773596817,
  "r_pct_error": 1.1974541435805262,
  "tau_pct_error": 12.677693640998514,
  "rmse_r_pct": 67.09257136141576,
  "rmse_tau_pct": 27.385292173327443,
  "r_mean": 0.000987543463347688,
  "tau_mean": 0.04089200401306153,
  "r_bias": -0.002012456536652312,
  "tau_bias": -0.013107995986938473,
  "nside": 32,
  "lmax": 95,
  "num_blocks": 3,
  "hidden_channels": 32,
  "device": "cpu",
  "eval_time_s": 114.62100076675415
}