{
  "test": "test4_mcmc_mh",
  "nside": 16,
  "config": "fsky0.1_noise0",
  "f_sky": 0.1,
  "noise_arcmin": 0,
  "n_test": 100,
  "mcmc_steps": 5000,
  "mcmc_burn_in": 2000,
  "r_mean": 0.009909706622553555,
  "tau_mean": 0.07947826753578573,
  "r_bias": 0.0069097066225535545,
  "tau_bias": 0.025478267535785727,
  "sigma_r": 2.3701571515246643e-05,
  "sigma_tau": 0.00013355566202393756,
  "rmse_r": 0.00690995244346121,
  "rmse_tau": 0.02548134681971262,
  "r_pct_error": 230.33174811537367,
  "tau_pct_error": 47.18767929576411,
  "r_fiducial": 0.003,
  "tau_fiducial": 0.054,
  "cpu_time_seconds": 21.55858540534973,
  "method": "metropolis_hastings_A_lens"
}