{
  "test": "test4_mcmc_mh",
  "nside": 16,
  "config": "fsky1.0_noise0",
  "f_sky": 1.0,
  "noise_arcmin": 0,
  "n_test": 100,
  "mcmc_steps": 5000,
  "mcmc_burn_in": 2000,
  "r_mean": 0.008854278348375216,
  "tau_mean": 0.07998669613579856,
  "r_bias": 0.005854278348375216,
  "tau_bias": 0.025986696135798563,
  "sigma_r": 0.0004317207751200768,
  "sigma_tau": 5.355661538476911e-06,
  "rmse_r": 0.005936733844283568,
  "rmse_tau": 0.025986698311920273,
  "r_pct_error": 197.8911281427856,
  "tau_pct_error": 48.12351539244495,
  "r_fiducial": 0.003,
  "tau_fiducial": 0.054,
  "cpu_time_seconds": 26.49518322944641,
  "method": "metropolis_hastings_A_lens"
}