{
  "test": "test4_cnn_at_fiducial",
  "model_path": "test4_nside16_fsky1.0_noise6_nside16_best.pt",
  "r_fiducial": 0.003,
  "tau_fiducial": 0.07,
  "f_sky": 1.0,
  "noise_arcmin": 6,
  "noise_uK_per_pixel": 0.02728871221190636,
  "n_realizations": 1000,
  "sigma_r": 0.0009091244010842216,
  "sigma_tau": 0.006915684883043581,
  "rmse_r": 0.0010616662395085783,
  "rmse_tau": 0.015977447546382306,
  "r_pct_error": 30.304146702807383,
  "tau_pct_error": 9.8795498329194,
  "rmse_r_pct": 35.38887465028594,
  "rmse_tau_pct": 22.824925066260434,
  "r_mean": 0.0024517044342094846,
  "tau_mean": 0.05559680130332709,
  "r_bias": -0.0005482955657905154,
  "tau_bias": -0.01440319869667292,
  "nside": 16,
  "lmax": 47,
  "num_blocks": 3,
  "hidden_channels": 32,
  "device": "cpu",
  "eval_time_s": 29.55713438987732
}