{
  "test": "test4_cnn_at_fiducial",
  "model_path": "test4_nside32_hc32_fsky1.0_noise6_nside32_best.pt",
  "r_fiducial": 0.001,
  "tau_fiducial": 0.054,
  "f_sky": 1.0,
  "noise_arcmin": 6,
  "noise_uK_per_pixel": 0.05457742442381272,
  "n_realizations": 1000,
  "sigma_r": 1.496298359235815e-05,
  "sigma_tau": 0.003272372750554647,
  "rmse_r": 5.42666306801182e-05,
  "rmse_tau": 0.005451488524457461,
  "r_pct_error": 1.496298359235815,
  "tau_pct_error": 6.059949538064161,
  "rmse_r_pct": 5.42666306801182,
  "rmse_tau_pct": 10.095349119365668,
  "r_mean": 0.0010521629785133783,
  "tau_mean": 0.04963991929963231,
  "r_bias": 5.216297851337831e-05,
  "tau_bias": -0.00436008070036769,
  "nside": 32,
  "lmax": 95,
  "num_blocks": 3,
  "hidden_channels": 32,
  "device": "cpu",
  "eval_time_s": 124.86765599250793
}