{
  "nside": 16,
  "config": "fsky0.1_noise0",
  "f_sky": 0.1,
  "noise_arcmin": 0,
  "r_fiducial": 0.003,
  "tau_fiducial": 0.054,
  "sigma_r_fisher": 0.004946581055080296,
  "sigma_tau_fisher": 0.00704138522213714,
  "r_fisher_pct": 164.8860351693432,
  "tau_fisher_pct": 13.039602263216926,
  "correlation_r_tau": -0.02102832212374224,
  "fisher_matrix": [
    [
      40886.677770871276,
      603.9951761701825
    ],
    [
      603.9951761701825,
      20177.895770352625
    ]
  ],
  "lmax": 47
}