{
  "test": "test4_fisher",
  "nside": 32,
  "config": "fsky1.0_noise0",
  "f_sky": 1.0,
  "noise_arcmin": 0.0,
  "noise_uK_per_pixel": 0.0,
  "r_fiducial": 0.001,
  "tau_fiducial": 0.054,
  "sigma_r": 0.00018935481761658764,
  "sigma_tau": 0.0018842347443584324,
  "sigma_r_fisher": 0.00018935481761658764,
  "sigma_tau_fisher": 0.0018842347443584324,
  "r_pct_error": 18.935481761658764,
  "tau_pct_error": 3.489323600663764,
  "r_fisher_pct": 18.935481761658764,
  "tau_fisher_pct": 3.489323600663764,
  "correlation_r_tau": 0.061223905525791746,
  "lmax": 95
}