{
  "test": "test4_fisher",
  "nside": 32,
  "config": "fsky0.1_noise6",
  "f_sky": 0.1,
  "noise_arcmin": 6.0,
  "noise_uK_per_pixel": 0.05457742442381272,
  "r_fiducial": 0.001,
  "tau_fiducial": 0.054,
  "sigma_r": 0.0012251669914707013,
  "sigma_tau": 0.006319042073041883,
  "sigma_r_fisher": 0.0012251669914707013,
  "sigma_tau_fisher": 0.006319042073041883,
  "r_pct_error": 122.51669914707013,
  "tau_pct_error": 11.701929764892375,
  "r_fisher_pct": 122.51669914707013,
  "tau_fisher_pct": 11.701929764892375,
  "correlation_r_tau": -0.0577051965449884,
  "lmax": 95
}