{
  "test": "test4_fisher",
  "nside": 128,
  "config": "fsky0.1_noise0",
  "f_sky": 0.1,
  "noise_arcmin": 0.0,
  "noise_uK_per_pixel": 0.0,
  "r_fiducial": 0.001,
  "tau_fiducial": 0.054,
  "sigma_r": 0.0005817832795436702,
  "sigma_tau": 0.0034740283107539236,
  "sigma_r_fisher": 0.0005817832795436702,
  "sigma_tau_fisher": 0.0034740283107539236,
  "r_pct_error": 58.17832795436701,
  "tau_pct_error": 6.433385760655414,
  "r_fisher_pct": 58.17832795436701,
  "tau_fisher_pct": 6.433385760655414,
  "correlation_r_tau": 0.09369634707148619,
  "lmax": 383
}