{
  "test": "test4_fisher",
  "nside": 16,
  "config": "fsky0.1_noise0",
  "f_sky": 0.1,
  "noise_arcmin": 0.0,
  "noise_uK_per_pixel": 0.0,
  "r_fiducial": 0.001,
  "tau_fiducial": 0.054,
  "sigma_r": 0.0007116362142781727,
  "sigma_tau": 0.0062750329798240264,
  "sigma_r_fisher": 0.0007116362142781727,
  "sigma_tau_fisher": 0.0062750329798240264,
  "r_pct_error": 71.16362142781726,
  "tau_pct_error": 11.620431444118568,
  "r_fisher_pct": 71.16362142781726,
  "tau_fisher_pct": 11.620431444118568,
  "correlation_r_tau": -0.06895809355663161,
  "lmax": 47
}