{
  "test": "test4_fisher",
  "nside": 16,
  "config": "fsky1.0_noise0",
  "f_sky": 1.0,
  "noise_arcmin": 0.0,
  "noise_uK_per_pixel": 0.0,
  "r_fiducial": 0.001,
  "tau_fiducial": 0.054,
  "sigma_r": 0.00022503913025786625,
  "sigma_tau": 0.001984339660891733,
  "sigma_r_fisher": 0.00022503913025786625,
  "sigma_tau_fisher": 0.001984339660891733,
  "r_pct_error": 22.503913025786623,
  "tau_pct_error": 3.6747030757254313,
  "r_fisher_pct": 22.503913025786623,
  "tau_fisher_pct": 3.6747030757254313,
  "correlation_r_tau": -0.06895809355663164,
  "lmax": 47
}