{
  "test": "test4_fisher",
  "nside": 128,
  "config": "fsky1.0_noise0",
  "f_sky": 1.0,
  "noise_arcmin": 0.0,
  "noise_uK_per_pixel": 0.0,
  "r_fiducial": 0.001,
  "tau_fiducial": 0.054,
  "sigma_r": 0.00018397602679604444,
  "sigma_tau": 0.0010985842117889621,
  "sigma_r_fisher": 0.00018397602679604444,
  "sigma_tau_fisher": 0.0010985842117889621,
  "r_pct_error": 18.397602679604443,
  "tau_pct_error": 2.0344152070165964,
  "r_fisher_pct": 18.397602679604443,
  "tau_fisher_pct": 2.0344152070165964,
  "correlation_r_tau": 0.0936963470714862,
  "lmax": 383
}