{
  "test": "test4_fisher",
  "nside": 128,
  "config": "fsky0.1_noise6",
  "f_sky": 0.1,
  "noise_arcmin": 6.0,
  "noise_uK_per_pixel": 0.21830969769525088,
  "r_fiducial": 0.001,
  "tau_fiducial": 0.054,
  "sigma_r": 0.0012058060475013067,
  "sigma_tau": 0.004247272078011962,
  "sigma_r_fisher": 0.0012058060475013067,
  "sigma_tau_fisher": 0.004247272078011962,
  "r_pct_error": 120.58060475013066,
  "tau_pct_error": 7.865318662985116,
  "r_fisher_pct": 120.58060475013066,
  "tau_fisher_pct": 7.865318662985116,
  "correlation_r_tau": -0.02021161170380539,
  "lmax": 383
}