{
  "test": "test4_fisher",
  "nside": 32,
  "config": "fsky0.1_noise0",
  "f_sky": 0.1,
  "noise_arcmin": 0.0,
  "noise_uK_per_pixel": 0.0,
  "r_fiducial": 0.001,
  "tau_fiducial": 0.054,
  "sigma_r": 0.0005987925095941933,
  "sigma_tau": 0.005958473438597747,
  "sigma_r_fisher": 0.0005987925095941933,
  "sigma_tau_fisher": 0.005958473438597747,
  "r_pct_error": 59.87925095941934,
  "tau_pct_error": 11.03421007147731,
  "r_fisher_pct": 59.87925095941934,
  "tau_fisher_pct": 11.03421007147731,
  "correlation_r_tau": 0.061223905525791836,
  "lmax": 95
}