{
  "test": "test4_fisher",
  "nside": 128,
  "config": "fsky1.0_noise6",
  "f_sky": 1.0,
  "noise_arcmin": 6.0,
  "noise_uK_per_pixel": 0.21830969769525088,
  "r_fiducial": 0.001,
  "tau_fiducial": 0.054,
  "sigma_r": 0.00038130935265093155,
  "sigma_tau": 0.0013431053608954156,
  "sigma_r_fisher": 0.00038130935265093155,
  "sigma_tau_fisher": 0.0013431053608954156,
  "r_pct_error": 38.13093526509315,
  "tau_pct_error": 2.4872321498063252,
  "r_fisher_pct": 38.13093526509315,
  "tau_fisher_pct": 2.4872321498063252,
  "correlation_r_tau": -0.020211611703805442,
  "lmax": 383
}