{
  "test": "test4_fisher",
  "nside": 16,
  "config": "fsky0.1_noise6",
  "f_sky": 0.1,
  "noise_arcmin": 6.0,
  "noise_uK_per_pixel": 0.02728871221190636,
  "r_fiducial": 0.003,
  "tau_fiducial": 0.07,
  "sigma_r": 0.0020408752866634267,
  "sigma_tau": 0.00729138908804511,
  "sigma_r_fisher": 0.0020408752866634267,
  "sigma_tau_fisher": 0.00729138908804511,
  "r_pct_error": 68.02917622211422,
  "tau_pct_error": 10.416270125778727,
  "r_fisher_pct": 68.02917622211422,
  "tau_fisher_pct": 10.416270125778727,
  "correlation_r_tau": -0.14919525368375902,
  "lmax": 47
}