{
  "test": "test4_fisher",
  "nside": 16,
  "config": "fsky1.0_noise6",
  "f_sky": 1.0,
  "noise_arcmin": 6.0,
  "noise_uK_per_pixel": 0.02728871221190636,
  "r_fiducial": 0.003,
  "tau_fiducial": 0.07,
  "sigma_r": 0.0006453814326205493,
  "sigma_tau": 0.0023057396824720552,
  "sigma_r_fisher": 0.0006453814326205493,
  "sigma_tau_fisher": 0.0023057396824720552,
  "r_pct_error": 21.512714420684976,
  "tau_pct_error": 3.2939138321029358,
  "r_fisher_pct": 21.512714420684976,
  "tau_fisher_pct": 3.2939138321029358,
  "correlation_r_tau": -0.1491952536837591,
  "lmax": 47
}