{
  "test": "test4_fisher",
  "nside": 32,
  "config": "fsky1.0_noise6",
  "f_sky": 1.0,
  "noise_arcmin": 6.0,
  "noise_uK_per_pixel": 0.05457742442381272,
  "r_fiducial": 0.003,
  "tau_fiducial": 0.07,
  "sigma_r": 0.0005545689464908947,
  "sigma_tau": 0.002202052686134381,
  "sigma_r_fisher": 0.0005545689464908947,
  "sigma_tau_fisher": 0.002202052686134381,
  "r_pct_error": 18.485631549696492,
  "tau_pct_error": 3.145789551620544,
  "r_fisher_pct": 18.485631549696492,
  "tau_fisher_pct": 3.145789551620544,
  "correlation_r_tau": -0.07921934353694217,
  "lmax": 95
}