{
  "test": "test4_fisher",
  "nside": 32,
  "config": "fsky0.1_noise0",
  "f_sky": 0.1,
  "noise_arcmin": 0.0,
  "noise_uK_per_pixel": 0.0,
  "r_fiducial": 0.003,
  "tau_fiducial": 0.07,
  "sigma_r": 0.0008017350698738561,
  "sigma_tau": 0.006499643592126136,
  "sigma_r_fisher": 0.0008017350698738561,
  "sigma_tau_fisher": 0.006499643592126136,
  "r_pct_error": 26.724502329128537,
  "tau_pct_error": 9.285205131608764,
  "r_fisher_pct": 26.724502329128537,
  "tau_fisher_pct": 9.285205131608764,
  "correlation_r_tau": 0.10814339621872747,
  "lmax": 95
}