{
  "test": "test4_fisher",
  "nside": 16,
  "config": "fsky1.0_noise0",
  "f_sky": 1.0,
  "noise_arcmin": 0.0,
  "noise_uK_per_pixel": 0.0,
  "r_fiducial": 0.003,
  "tau_fiducial": 0.07,
  "sigma_r": 0.0003331532349739018,
  "sigma_tau": 0.002176280333884568,
  "sigma_r_fisher": 0.0003331532349739018,
  "sigma_tau_fisher": 0.002176280333884568,
  "r_pct_error": 11.105107832463395,
  "tau_pct_error": 3.1089719055493825,
  "r_fisher_pct": 11.105107832463395,
  "tau_fisher_pct": 3.1089719055493825,
  "correlation_r_tau": -0.06358583252412635,
  "lmax": 47
}