{
  "test": "test4_fisher",
  "nside": 128,
  "config": "fsky1.0_noise6",
  "f_sky": 1.0,
  "noise_arcmin": 6.0,
  "noise_uK_per_pixel": 0.21830969769525088,
  "r_fiducial": 0.003,
  "tau_fiducial": 0.07,
  "sigma_r": 0.0005380892717708535,
  "sigma_tau": 0.0014013514945076337,
  "sigma_r_fisher": 0.0005380892717708535,
  "sigma_tau_fisher": 0.0014013514945076337,
  "r_pct_error": 17.93630905902845,
  "tau_pct_error": 2.001930706439477,
  "r_fisher_pct": 17.93630905902845,
  "tau_fisher_pct": 2.001930706439477,
  "correlation_r_tau": -0.023418234206131625,
  "lmax": 383
}