{
  "test": "test4_fisher",
  "nside": 32,
  "config": "fsky1.0_noise0",
  "f_sky": 1.0,
  "noise_arcmin": 0.0,
  "noise_uK_per_pixel": 0.0,
  "r_fiducial": 0.006,
  "tau_fiducial": 0.054,
  "sigma_r": 0.0003194752736208727,
  "sigma_tau": 0.0018342933952172353,
  "sigma_r_fisher": 0.0003194752736208727,
  "sigma_tau_fisher": 0.0018342933952172353,
  "r_pct_error": 5.324587893681212,
  "tau_pct_error": 3.3968396207726577,
  "r_fisher_pct": 5.324587893681212,
  "tau_fisher_pct": 3.3968396207726577,
  "correlation_r_tau": 0.1343353870584773,
  "lmax": 95
}