{
  "test": "test4_fisher",
  "nside": 32,
  "config": "fsky0.1_noise6",
  "f_sky": 0.1,
  "noise_arcmin": 6.0,
  "noise_uK_per_pixel": 0.05457742442381272,
  "r_fiducial": 0.006,
  "tau_fiducial": 0.054,
  "sigma_r": 0.0022710493341650084,
  "sigma_tau": 0.006157891573375516,
  "sigma_r_fisher": 0.0022710493341650084,
  "sigma_tau_fisher": 0.006157891573375516,
  "r_pct_error": 37.850822236083474,
  "tau_pct_error": 11.403502913658363,
  "r_fisher_pct": 37.850822236083474,
  "tau_fisher_pct": 11.403502913658363,
  "correlation_r_tau": -0.039247159566544336,
  "lmax": 95
}