{
  "test": "test4_fisher",
  "nside": 16,
  "config": "fsky1.0_noise0",
  "f_sky": 1.0,
  "noise_arcmin": 0.0,
  "noise_uK_per_pixel": 0.0,
  "r_fiducial": 0.006,
  "tau_fiducial": 0.054,
  "sigma_r": 0.00045596537109717145,
  "sigma_tau": 0.0019071732791073723,
  "sigma_r_fisher": 0.00045596537109717145,
  "sigma_tau_fisher": 0.0019071732791073723,
  "r_pct_error": 7.599422851619524,
  "tau_pct_error": 3.5318023687173556,
  "r_fisher_pct": 7.599422851619524,
  "tau_fisher_pct": 3.5318023687173556,
  "correlation_r_tau": -0.026171979161520406,
  "lmax": 47
}