{
  "test": "test4_fisher",
  "nside": 128,
  "config": "fsky0.1_noise6",
  "f_sky": 0.1,
  "noise_arcmin": 6.0,
  "noise_uK_per_pixel": 0.21830969769525088,
  "r_fiducial": 0.006,
  "tau_fiducial": 0.054,
  "sigma_r": 0.0021684407197132523,
  "sigma_tau": 0.0041965397296615786,
  "sigma_r_fisher": 0.0021684407197132523,
  "sigma_tau_fisher": 0.0041965397296615786,
  "r_pct_error": 36.140678661887534,
  "tau_pct_error": 7.771369869743664,
  "r_fisher_pct": 36.140678661887534,
  "tau_fisher_pct": 7.771369869743664,
  "correlation_r_tau": 0.007153849336265468,
  "lmax": 383
}