{
  "test": "test4_fisher",
  "nside": 32,
  "config": "fsky1.0_noise6",
  "f_sky": 1.0,
  "noise_arcmin": 6.0,
  "noise_uK_per_pixel": 0.05457742442381272,
  "r_fiducial": 0.006,
  "tau_fiducial": 0.054,
  "sigma_r": 0.0007181688574570277,
  "sigma_tau": 0.0019472962956224506,
  "sigma_r_fisher": 0.0007181688574570277,
  "sigma_tau_fisher": 0.0019472962956224506,
  "r_pct_error": 11.96948095761713,
  "tau_pct_error": 3.6061042511526864,
  "r_fisher_pct": 11.96948095761713,
  "tau_fisher_pct": 3.6061042511526864,
  "correlation_r_tau": -0.0392471595665443,
  "lmax": 95
}