{
  "test": "test4_fisher",
  "nside": 128,
  "config": "fsky0.1_noise0",
  "f_sky": 0.1,
  "noise_arcmin": 0.0,
  "noise_uK_per_pixel": 0.0,
  "r_fiducial": 0.006,
  "tau_fiducial": 0.054,
  "sigma_r": 0.0009456805985919588,
  "sigma_tau": 0.0034648414591577567,
  "sigma_r_fisher": 0.0009456805985919588,
  "sigma_tau_fisher": 0.0034648414591577567,
  "r_pct_error": 15.76134330986598,
  "tau_pct_error": 6.416373072514364,
  "r_fisher_pct": 15.76134330986598,
  "tau_fisher_pct": 6.416373072514364,
  "correlation_r_tau": 0.16353600316446376,
  "lmax": 383
}