{
  "test": "test4_fisher",
  "nside": 128,
  "config": "fsky1.0_noise0",
  "f_sky": 1.0,
  "noise_arcmin": 0.0,
  "noise_uK_per_pixel": 0.0,
  "r_fiducial": 0.006,
  "tau_fiducial": 0.054,
  "sigma_r": 0.0002990504630582012,
  "sigma_tau": 0.0010956790742319793,
  "sigma_r_fisher": 0.0002990504630582012,
  "sigma_tau_fisher": 0.0010956790742319793,
  "r_pct_error": 4.984174384303353,
  "tau_pct_error": 2.0290353226518136,
  "r_fisher_pct": 4.984174384303353,
  "tau_fisher_pct": 2.0290353226518136,
  "correlation_r_tau": 0.16353600316446393,
  "lmax": 383
}