{
  "test": "test4_fisher",
  "nside": 16,
  "config": "fsky0.1_noise0",
  "f_sky": 0.1,
  "noise_arcmin": 0.0,
  "noise_uK_per_pixel": 0.0,
  "r_fiducial": 0.003,
  "tau_fiducial": 0.04,
  "sigma_r": 0.0011348236948753507,
  "sigma_tau": 0.005371579860213938,
  "sigma_r_fisher": 0.0011348236948753507,
  "sigma_tau_fisher": 0.005371579860213938,
  "r_pct_error": 37.82745649584503,
  "tau_pct_error": 13.428949650534843,
  "r_fisher_pct": 37.82745649584503,
  "tau_fisher_pct": 13.428949650534843,
  "correlation_r_tau": -0.03176942406779482,
  "lmax": 47
}