{
  "test": "test4_fisher",
  "nside": 32,
  "config": "fsky0.1_noise6",
  "f_sky": 0.1,
  "noise_arcmin": 6.0,
  "noise_uK_per_pixel": 0.05457742442381272,
  "r_fiducial": 0.003,
  "tau_fiducial": 0.04,
  "sigma_r": 0.0019685470400774216,
  "sigma_tau": 0.0055106153687739514,
  "sigma_r_fisher": 0.0019685470400774216,
  "sigma_tau_fisher": 0.0055106153687739514,
  "r_pct_error": 65.61823466924739,
  "tau_pct_error": 13.776538421934879,
  "r_fisher_pct": 65.61823466924739,
  "tau_fisher_pct": 13.776538421934879,
  "correlation_r_tau": -0.04389303625185284,
  "lmax": 95
}