{
  "test": "test4_fisher",
  "nside": 128,
  "config": "fsky1.0_noise6",
  "f_sky": 1.0,
  "noise_arcmin": 6.0,
  "noise_uK_per_pixel": 0.21830969769525088,
  "r_fiducial": 0.003,
  "tau_fiducial": 0.04,
  "sigma_r": 0.0005993022281636357,
  "sigma_tau": 0.0012551698406166557,
  "sigma_r_fisher": 0.0005993022281636357,
  "sigma_tau_fisher": 0.0012551698406166557,
  "r_pct_error": 19.976740938787856,
  "tau_pct_error": 3.137924601541639,
  "r_fisher_pct": 19.976740938787856,
  "tau_fisher_pct": 3.137924601541639,
  "correlation_r_tau": -0.0027954904249863884,
  "lmax": 383
}