{
  "test": "test4_fisher",
  "nside": 128,
  "config": "fsky1.0_noise0",
  "f_sky": 1.0,
  "noise_arcmin": 0.0,
  "noise_uK_per_pixel": 0.0,
  "r_fiducial": 0.003,
  "tau_fiducial": 0.04,
  "sigma_r": 0.00025124718714724113,
  "sigma_tau": 0.0010482936439857179,
  "sigma_r_fisher": 0.00025124718714724113,
  "sigma_tau_fisher": 0.0010482936439857179,
  "r_pct_error": 8.37490623824137,
  "tau_pct_error": 2.6207341099642947,
  "r_fisher_pct": 8.37490623824137,
  "tau_fisher_pct": 2.6207341099642947,
  "correlation_r_tau": 0.1382045037361468,
  "lmax": 383
}