{
  "0": {
    "pct_error": 2.335046779527631,
    "time_per_map": 0.0018092281818389894,
    "n_test": 1000
  },
  "5": {
    "pct_error": 2.5464849899580604,
    "time_per_map": 0.0017219090461730957,
    "n_test": 1000
  },
  "10": {
    "pct_error": 5.007156206157083,
    "time_per_map": 0.0016936995983123778,
    "n_test": 1000
  },
  "15": {
    "pct_error": 7.716034854552883,
    "time_per_map": 0.0016696701049804688,
    "n_test": 1000
  }
}