{
  "tau_pct_error": 19.325103759765625,
  "tau_median_pct_error": 19.25278091430664,
  "time_per_map": 0.18711575603485106,
  "n_maps": 1000
}