{
  "test": "test4_joint_r_tau",
  "r_pct_error": 54.359449569398684,
  "tau_pct_error": 7.793112672801129,
  "r_bias": 0.0009778554067163476,
  "n_params": 422074562,
  "noise_std_uK_arcmin": 0.0,
  "noise_std_uK": 0.0,
  "f_sky": 1.0,
  "n_train": 5000,
  "n_val": 1000,
  "n_test": 1000,
  "epochs_reached": 22,
  "best_val_loss": 62.148906833004546,
  "batch_size": 16,
  "lr": 0.001,
  "lr_schedule": "ReduceLROnPlateau",
  "lr_patience": 5,
  "lr_factor": 0.1,
  "early_stopping_patience": 20,
  "hidden_channels": 32,
  "num_blocks": 3,
  "inpaint": false,
  "nside": 128,
  "lmax": 383,
  "train_time_s": 13449.91453576088,
  "gpu_memory_mb": 14170.844672
}