{
  "test": "test4_joint_r_tau",
  "r_pct_error": 60.52206933300525,
  "tau_pct_error": 24.208316193297506,
  "r_bias": 0.0007313652549783001,
  "n_params": 6653122,
  "noise_std_uK_arcmin": 6.0,
  "noise_std_uK": 0.02728871221190636,
  "f_sky": 0.1,
  "n_train": 100000,
  "n_val": 10000,
  "n_test": 1000,
  "epochs_reached": 29,
  "best_val_loss": 84.06083539967844,
  "batch_size": 32,
  "lr": 0.001,
  "lr_schedule": "ReduceLROnPlateau",
  "lr_patience": 5,
  "lr_factor": 0.1,
  "early_stopping_patience": 20,
  "hidden_channels": 32,
  "num_blocks": 3,
  "inpaint": true,
  "train_time_s": 4664.632283210754,
  "gpu_memory_mb": 276.558848
}