{
  "test": "test4_fisher",
  "f_sky": 0.1,
  "noise_arcmin": 0.0,
  "noise_uK_per_pixel": 0.0,
  "r_fiducial": 0.003,
  "tau_fiducial": 0.054,
  "sigma_r": 0.004946581074489503,
  "sigma_tau": 0.00704141067176085,
  "r_pct_error": 164.8860358163168,
  "tau_pct_error": 13.039649392149721,
  "correlation_r_tau": -0.021028509534232236,
  "nside": 16,
  "lmax": 47
}