{
  "test": "test4_mcmc",
  "config": "fsky1.0_noise6",
  "f_sky": 1.0,
  "noise_arcmin": 6,
  "noise_uK_per_pixel": 0.21830969769525088,
  "n_test": 1000,
  "r_pct_error": 171.54818725585938,
  "tau_pct_error": 40.656612396240234,
  "r_pct_error_std": 113.5566635131836,
  "tau_pct_error_std": 37.266883850097656,
  "cpu_time_seconds": 132.31243181228638,
  "peak_memory_GB": 0.384,
  "method": "chi2_grid_search",
  "r_grid_size": 50,
  "tau_grid_size": 50,
  "nside": 128,
  "lmax": 383
}