{
  "test": "test4_fisher",
  "f_sky": 1.0,
  "noise_arcmin": 6.0,
  "noise_uK_per_pixel": 0.21830969769525088,
  "r_fiducial": 0.003,
  "tau_fiducial": 0.054,
  "sigma_r": 0.00022985580815994568,
  "sigma_tau": 0.0011010731883448542,
  "r_pct_error": 7.661860271998188,
  "tau_pct_error": 2.039024422860841,
  "correlation_r_tau": 0.15344523704660648,
  "nside": 128,
  "lmax": 383
}