{
  "test": "test4_joint_r_tau",
  "r_pct_error": 60.9776478593713,
  "tau_pct_error": 24.30961448152736,
  "r_bias": 0.000716100064892089,
  "n_params": 6653122,
  "noise_std_uK_arcmin": 0.0,
  "noise_std_uK": 0.0,
  "f_sky": 0.1,
  "n_train": 100000,
  "n_val": 10000,
  "n_test": 1000,
  "epochs_reached": 31,
  "best_val_loss": 84.54555130467082,
  "batch_size": 32,
  "lr": 0.001,
  "lr_schedule": "ReduceLROnPlateau",
  "lr_patience": 5,
  "lr_factor": 0.1,
  "early_stopping_patience": 20,
  "hidden_channels": 32,
  "num_blocks": 3,
  "inpaint": true,
  "train_time_s": 4830.221391439438,
  "gpu_memory_mb": 276.558848
}