{
  "test": "test4_fisher",
  "f_sky": 0.1,
  "noise_arcmin": 6.0,
  "noise_uK_per_pixel": 0.21830969769525088,
  "r_fiducial": 0.003,
  "tau_fiducial": 0.054,
  "sigma_r": 0.000726867887204145,
  "sigma_tau": 0.0034818991457133035,
  "r_pct_error": 24.228929573471497,
  "tau_pct_error": 6.447961380950562,
  "correlation_r_tau": 0.15344523704660645,
  "nside": 128,
  "lmax": 383
}