{
  "test": "test4_fisher",
  "f_sky": 1.0,
  "noise_arcmin": 0.0,
  "noise_uK_per_pixel": 0.0,
  "r_fiducial": 0.003,
  "tau_fiducial": 0.054,
  "sigma_r": 0.00022542726376965504,
  "sigma_tau": 0.001096067686739134,
  "r_pct_error": 7.514242125655168,
  "tau_pct_error": 2.029754975442841,
  "correlation_r_tau": 0.14267687316390618,
  "nside": 128,
  "lmax": 383
}