{
  "test": "test4_mcmc",
  "config": "fsky1.0_noise0",
  "f_sky": 1.0,
  "noise_arcmin": 0,
  "noise_uK_per_pixel": 0.0,
  "n_test": 1000,
  "r_pct_error": 337.0331726074219,
  "tau_pct_error": 25.046358108520508,
  "r_pct_error_std": 280.6076354980469,
  "tau_pct_error_std": 18.58241844177246,
  "cpu_time_seconds": 65.33222603797913,
  "peak_memory_GB": 0.29872128,
  "method": "chi2_grid_search",
  "r_grid_size": 50,
  "tau_grid_size": 50
}