{
  "test": "test4_mcmc",
  "config": "fsky1.0_noise6",
  "f_sky": 1.0,
  "noise_arcmin": 6,
  "noise_uK_per_pixel": 0.02728871221190636,
  "n_test": 1000,
  "r_pct_error": 335.45233154296875,
  "tau_pct_error": 26.323148727416992,
  "r_pct_error_std": 278.1764831542969,
  "tau_pct_error_std": 18.735088348388672,
  "cpu_time_seconds": 64.71007966995239,
  "peak_memory_GB": 0.298876928,
  "method": "chi2_grid_search",
  "r_grid_size": 50,
  "tau_grid_size": 50
}