{
  "version": "v2_paper_matching",
  "noise_std": 10.0,
  "n_train": 100000,
  "n_val": 10000,
  "n_test": 1000,
  "epochs_reached": 41,
  "best_val_loss": 0.7511963787078857,
  "batch_size": 32,
  "lr_schedule": "ReduceLROnPlateau",
  "lr_patience": 5,
  "lr_factor": 0.1,
  "early_stopping_patience": 20,
  "cnn_pct_error": 6.840706825256348,
  "mcmc_pct_error": 5.1782009048966575,
  "mcmc_time_per_map": 0.0013280937671661377,
  "n_params": 6454529
}