{
  "test": "test4_fisher",
  "f_sky": 1.0,
  "noise_arcmin": 0.0,
  "noise_uK_per_pixel": 0.0,
  "r_fiducial": 0.003,
  "tau_fiducial": 0.054,
  "sigma_r": 0.0015642462826069852,
  "sigma_tau": 0.0022266895663380563,
  "r_pct_error": 52.14154275356617,
  "tau_pct_error": 4.123499196922326,
  "correlation_r_tau": -0.02102850953423223,
  "nside": 16,
  "lmax": 47
}