{
  "test": "test4_joint_r_tau",
  "r_pct_error": 55.23942711195016,
  "tau_pct_error": 24.82704714873247,
  "r_bias": 0.0009718020191940013,
  "n_params": 6653122,
  "noise_std_uK_arcmin": 6.0,
  "noise_std_uK": 0.02728871221190636,
  "f_sky": 1.0,
  "n_train": 100000,
  "n_val": 10000,
  "n_test": 1000,
  "epochs_reached": 21,
  "best_val_loss": 79.06194662749259,
  "batch_size": 32,
  "lr": 0.001,
  "lr_schedule": "ReduceLROnPlateau",
  "lr_patience": 5,
  "lr_factor": 0.1,
  "early_stopping_patience": 20,
  "hidden_channels": 32,
  "num_blocks": 3,
  "inpaint": false,
  "train_time_s": 2854.0287144184113,
  "gpu_memory_mb": 276.558848
}