{
  "test": "test4_mcmc",
  "config": "fsky1.0_noise0",
  "f_sky": 1.0,
  "noise_arcmin": 0,
  "noise_uK_per_pixel": 0.0,
  "n_test": 1000,
  "r_pct_error": 170.47727966308594,
  "tau_pct_error": 38.81097412109375,
  "r_pct_error_std": 115.02407836914062,
  "tau_pct_error_std": 36.594120025634766,
  "cpu_time_seconds": 127.03289294242859,
  "peak_memory_GB": 0.381968384,
  "method": "chi2_grid_search",
  "r_grid_size": 50,
  "tau_grid_size": 50,
  "nside": 128,
  "lmax": 383
}