{
  "test": "test4_mcmc",
  "config": "fsky0.1_noise6",
  "f_sky": 0.1,
  "noise_arcmin": 6,
  "noise_uK_per_pixel": 0.21830969769525088,
  "n_test": 1000,
  "r_pct_error": 327.0018615722656,
  "tau_pct_error": 41.61729049682617,
  "r_pct_error_std": 216.63307189941406,
  "tau_pct_error_std": 37.58637619018555,
  "cpu_time_seconds": 142.7771954536438,
  "peak_memory_GB": 0.386297856,
  "method": "chi2_grid_search",
  "r_grid_size": 50,
  "tau_grid_size": 50,
  "nside": 128,
  "lmax": 383
}