{
  "version": "v2_paper_matching",
  "noise_std": 0.0,
  "n_train": 100000,
  "n_val": 10000,
  "n_test": 1000,
  "epochs_reached": 86,
  "best_val_loss": 0.03068017101883888,
  "batch_size": 32,
  "lr_schedule": "ReduceLROnPlateau",
  "lr_patience": 5,
  "lr_factor": 0.1,
  "early_stopping_patience": 20,
  "cnn_pct_error": 1.2740178108215332,
  "mcmc_pct_error": 2.2205629782105816,
  "mcmc_time_per_map": 0.0013214969635009766,
  "n_params": 6454529
}